year,pcpi,state
1950-01-01,2899,AK
1951-01-01,3401,AK
1952-01-01,3255,AK
1953-01-01,3169,AK
1954-01-01,2927,AK
1955-01-01,2886,AK
1956-01-01,3022,AK
1957-01-01,2897,AK
1958-01-01,3001,AK
1959-01-01,3126,AK
1960-01-01,3521,AK
1961-01-01,3347,AK
1962-01-01,3378,AK
1963-01-01,3518,AK
1964-01-01,3835,AK
1965-01-01,4016,AK
1966-01-01,4276,AK
1967-01-01,4545,AK
1968-01-01,4790,AK
1969-01-01,5322,AK
1970-01-01,5911,AK
1971-01-01,6269,AK
1972-01-01,6636,AK
1973-01-01,7525,AK
1974-01-01,8827,AK
1975-01-01,11205,AK
1976-01-01,12447,AK
1977-01-01,12789,AK
1978-01-01,13018,AK
1979-01-01,13745,AK
1980-01-01,15507,AK
1981-01-01,17091,AK
1982-01-01,19424,AK
1983-01-01,19478,AK
1984-01-01,19701,AK
1985-01-01,20593,AK
1986-01-01,20331,AK
1987-01-01,19688,AK
1988-01-01,20420,AK
1989-01-01,22133,AK
1990-01-01,23213,AK
1991-01-01,23510,AK
1992-01-01,24240,AK
1993-01-01,25036,AK
1994-01-01,25713,AK
1995-01-01,26399,AK
1996-01-01,26953,AK
1997-01-01,28185,AK
1998-01-01,29220,AK
1999-01-01,29892,AK
2000-01-01,31974,AK
2001-01-01,33517,AK
2002-01-01,34634,AK
2003-01-01,35841,AK
2004-01-01,36916,AK
2005-01-01,38919,AK
2006-01-01,41058,AK
2007-01-01,43861,AK
2008-01-01,47749,AK
2009-01-01,47069,AK
2010-01-01,49437,AK
2011-01-01,52384,AK
2012-01-01,53624,AK
2013-01-01,52722,AK
2014-01-01,55835,AK
2015-01-01,57586,AK
2016-01-01,56020,AK
2017-01-01,56800,AK
2018-01-01,59605,AK
2019-01-01,62102,AK
1929-01-01,319,AL
1930-01-01,263,AL
1931-01-01,220,AL
1932-01-01,159,AL
1933-01-01,164,AL
1934-01-01,207,AL
1935-01-01,216,AL
1936-01-01,249,AL
1937-01-01,266,AL
1938-01-01,242,AL
1939-01-01,251,AL
1940-01-01,281,AL
1941-01-01,379,AL
1942-01-01,532,AL
1943-01-01,676,AL
1944-01-01,753,AL
1945-01-01,799,AL
1946-01-01,763,AL
1947-01-01,809,AL
1948-01-01,881,AL
1949-01-01,838,AL
1950-01-01,919,AL
1951-01-01,1071,AL
1952-01-01,1137,AL
1953-01-01,1193,AL
1954-01-01,1167,AL
1955-01-01,1305,AL
1956-01-01,1390,AL
1957-01-01,1460,AL
1958-01-01,1496,AL
1959-01-01,1553,AL
1960-01-01,1585,AL
1961-01-01,1616,AL
1962-01-01,1695,AL
1963-01-01,1782,AL
1964-01-01,1914,AL
1965-01-01,2048,AL
1966-01-01,2184,AL
1967-01-01,2311,AL
1968-01-01,2536,AL
1969-01-01,2831,AL
1970-01-01,3081,AL
1971-01-01,3345,AL
1972-01-01,3672,AL
1973-01-01,4088,AL
1974-01-01,4477,AL
1975-01-01,4918,AL
1976-01-01,5438,AL
1977-01-01,5920,AL
1978-01-01,6609,AL
1979-01-01,7275,AL
1980-01-01,7957,AL
1981-01-01,8796,AL
1982-01-01,9272,AL
1983-01-01,9906,AL
1984-01-01,10848,AL
1985-01-01,11604,AL
1986-01-01,12223,AL
1987-01-01,12864,AL
1988-01-01,13807,AL
1989-01-01,14986,AL
1990-01-01,15861,AL
1991-01-01,16572,AL
1992-01-01,17583,AL
1993-01-01,18129,AL
1994-01-01,18977,AL
1995-01-01,19892,AL
1996-01-01,20630,AL
1997-01-01,21516,AL
1998-01-01,22692,AL
1999-01-01,23352,AL
2000-01-01,24338,AL
2001-01-01,25104,AL
2002-01-01,25712,AL
2003-01-01,26693,AL
2004-01-01,28415,AL
2005-01-01,29832,AL
2006-01-01,31362,AL
2007-01-01,32598,AL
2008-01-01,33353,AL
2009-01-01,32608,AL
2010-01-01,33752,AL
2011-01-01,34995,AL
2012-01-01,35884,AL
2013-01-01,36110,AL
2014-01-01,37271,AL
2015-01-01,38650,AL
2016-01-01,39234,AL
2017-01-01,40473,AL
2018-01-01,42240,AL
2019-01-01,43880,AL
1929-01-01,303,AR
1930-01-01,224,AR
1931-01-01,207,AR
1932-01-01,152,AR
1933-01-01,153,AR
1934-01-01,182,AR
1935-01-01,204,AR
1936-01-01,243,AR
1937-01-01,253,AR
1938-01-01,228,AR
1939-01-01,246,AR
1940-01-01,257,AR
1941-01-01,344,AR
1942-01-01,491,AR
1943-01-01,572,AR
1944-01-01,698,AR
1945-01-01,753,AR
1946-01-01,760,AR
1947-01-01,740,AR
1948-01-01,881,AR
1949-01-01,818,AR
1950-01-01,849,AR
1951-01-01,970,AR
1952-01-01,1043,AR
1953-01-01,1084,AR
1954-01-01,1100,AR
1955-01-01,1202,AR
1956-01-01,1262,AR
1957-01-01,1280,AR
1958-01-01,1339,AR
1959-01-01,1436,AR
1960-01-01,1424,AR
1961-01-01,1535,AR
1962-01-01,1600,AR
1963-01-01,1676,AR
1964-01-01,1799,AR
1965-01-01,1902,AR
1966-01-01,2109,AR
1967-01-01,2238,AR
1968-01-01,2419,AR
1969-01-01,2681,AR
1970-01-01,2915,AR
1971-01-01,3176,AR
1972-01-01,3504,AR
1973-01-01,4069,AR
1974-01-01,4453,AR
1975-01-01,4769,AR
1976-01-01,5247,AR
1977-01-01,5736,AR
1978-01-01,6546,AR
1979-01-01,7090,AR
1980-01-01,7597,AR
1981-01-01,8592,AR
1982-01-01,9024,AR
1983-01-01,9513,AR
1984-01-01,10543,AR
1985-01-01,11165,AR
1986-01-01,11708,AR
1987-01-01,12139,AR
1988-01-01,13022,AR
1989-01-01,13946,AR
1990-01-01,14622,AR
1991-01-01,15299,AR
1992-01-01,16438,AR
1993-01-01,16956,AR
1994-01-01,17758,AR
1995-01-01,18602,AR
1996-01-01,19458,AR
1997-01-01,20187,AR
1998-01-01,21222,AR
1999-01-01,21861,AR
2000-01-01,22762,AR
2001-01-01,23840,AR
2002-01-01,24266,AR
2003-01-01,25524,AR
2004-01-01,26924,AR
2005-01-01,28047,AR
2006-01-01,29438,AR
2007-01-01,31070,AR
2008-01-01,31940,AR
2009-01-01,31153,AR
2010-01-01,31927,AR
2011-01-01,33860,AR
2012-01-01,36239,AR
2013-01-01,36237,AR
2014-01-01,38264,AR
2015-01-01,39348,AR
2016-01-01,40155,AR
2017-01-01,41543,AR
2018-01-01,43292,AR
2019-01-01,44845,AR
1929-01-01,598,AZ
1930-01-01,518,AZ
1931-01-01,430,AZ
1932-01-01,322,AZ
1933-01-01,309,AZ
1934-01-01,362,AZ
1935-01-01,416,AZ
1936-01-01,462,AZ
1937-01-01,506,AZ
1938-01-01,479,AZ
1939-01-01,491,AZ
1940-01-01,506,AZ
1941-01-01,649,AZ
1942-01-01,953,AZ
1943-01-01,1045,AZ
1944-01-01,1076,AZ
1945-01-01,1150,AZ
1946-01-01,1131,AZ
1947-01-01,1199,AZ
1948-01-01,1354,AZ
1949-01-01,1343,AZ
1950-01-01,1408,AZ
1951-01-01,1677,AZ
1952-01-01,1779,AZ
1953-01-01,1778,AZ
1954-01-01,1766,AZ
1955-01-01,1833,AZ
1956-01-01,1937,AZ
1957-01-01,1984,AZ
1958-01-01,1988,AZ
1959-01-01,2076,AZ
1960-01-01,2162,AZ
1961-01-01,2210,AZ
1962-01-01,2277,AZ
1963-01-01,2315,AZ
1964-01-01,2427,AZ
1965-01-01,2528,AZ
1966-01-01,2701,AZ
1967-01-01,2879,AZ
1968-01-01,3233,AZ
1969-01-01,3643,AZ
1970-01-01,4020,AZ
1971-01-01,4354,AZ
1972-01-01,4711,AZ
1973-01-01,5145,AZ
1974-01-01,5546,AZ
1975-01-01,5825,AZ
1976-01-01,6309,AZ
1977-01-01,6858,AZ
1978-01-01,7768,AZ
1979-01-01,8712,AZ
1980-01-01,9671,AZ
1981-01-01,10764,AZ
1982-01-01,11141,AZ
1983-01-01,11941,AZ
1984-01-01,13060,AZ
1985-01-01,14000,AZ
1986-01-01,14733,AZ
1987-01-01,15280,AZ
1988-01-01,16044,AZ
1989-01-01,16803,AZ
1990-01-01,17323,AZ
1991-01-01,17731,AZ
1992-01-01,18309,AZ
1993-01-01,18950,AZ
1994-01-01,19869,AZ
1995-01-01,20753,AZ
1996-01-01,21737,AZ
1997-01-01,22804,AZ
1998-01-01,24176,AZ
1999-01-01,24813,AZ
2000-01-01,26235,AZ
2001-01-01,26803,AZ
2002-01-01,27149,AZ
2003-01-01,28161,AZ
2004-01-01,30012,AZ
2005-01-01,32220,AZ
2006-01-01,34686,AZ
2007-01-01,35789,AZ
2008-01-01,35563,AZ
2009-01-01,33418,AZ
2010-01-01,33638,AZ
2011-01-01,34973,AZ
2012-01-01,36132,AZ
2013-01-01,36615,AZ
2014-01-01,38246,AZ
2015-01-01,39699,AZ
2016-01-01,40697,AZ
2017-01-01,42534,AZ
2018-01-01,44414,AZ
2019-01-01,46233,AZ
1929-01-01,994,CA
1930-01-01,889,CA
1931-01-01,753,CA
1932-01-01,584,CA
1933-01-01,550,CA
1934-01-01,605,CA
1935-01-01,665,CA
1936-01-01,776,CA
1937-01-01,801,CA
1938-01-01,779,CA
1939-01-01,790,CA
1940-01-01,856,CA
1941-01-01,1034,CA
1942-01-01,1324,CA
1943-01-01,1589,CA
1944-01-01,1616,CA
1945-01-01,1620,CA
1946-01-01,1706,CA
1947-01-01,1724,CA
1948-01-01,1816,CA
1949-01-01,1800,CA
1950-01-01,1947,CA
1951-01-01,2166,CA
1952-01-01,2303,CA
1953-01-01,2345,CA
1954-01-01,2323,CA
1955-01-01,2478,CA
1956-01-01,2597,CA
1957-01-01,2683,CA
1958-01-01,2705,CA
1959-01-01,2847,CA
1960-01-01,2931,CA
1961-01-01,2986,CA
1962-01-01,3110,CA
1963-01-01,3211,CA
1964-01-01,3383,CA
1965-01-01,3531,CA
1966-01-01,3784,CA
1967-01-01,4001,CA
1968-01-01,4334,CA
1969-01-01,4676,CA
1970-01-01,4965,CA
1971-01-01,5209,CA
1972-01-01,5652,CA
1973-01-01,6123,CA
1974-01-01,6731,CA
1975-01-01,7320,CA
1976-01-01,7975,CA
1977-01-01,8681,CA
1978-01-01,9661,CA
1979-01-01,10758,CA
1980-01-01,11945,CA
1981-01-01,13158,CA
1982-01-01,13793,CA
1983-01-01,14582,CA
1984-01-01,15895,CA
1985-01-01,16795,CA
1986-01-01,17588,CA
1987-01-01,18482,CA
1988-01-01,19605,CA
1989-01-01,20561,CA
1990-01-01,21485,CA
1991-01-01,21857,CA
1992-01-01,22678,CA
1993-01-01,23013,CA
1994-01-01,23581,CA
1995-01-01,24629,CA
1996-01-01,25912,CA
1997-01-01,27171,CA
1998-01-01,29100,CA
1999-01-01,30640,CA
2000-01-01,33364,CA
2001-01-01,34043,CA
2002-01-01,34214,CA
2003-01-01,35415,CA
2004-01-01,37369,CA
2005-01-01,39279,CA
2006-01-01,42088,CA
2007-01-01,43629,CA
2008-01-01,43890,CA
2009-01-01,42044,CA
2010-01-01,43636,CA
2011-01-01,46175,CA
2012-01-01,48813,CA
2013-01-01,49303,CA
2014-01-01,52363,CA
2015-01-01,55808,CA
2016-01-01,57801,CA
2017-01-01,60219,CA
2018-01-01,63711,CA
2019-01-01,66661,CA
1929-01-01,631,CO
1930-01-01,574,CO
1931-01-01,472,CO
1932-01-01,357,CO
1933-01-01,353,CO
1934-01-01,372,CO
1935-01-01,445,CO
1936-01-01,542,CO
1937-01-01,534,CO
1938-01-01,508,CO
1939-01-01,519,CO
1940-01-01,548,CO
1941-01-01,655,CO
1942-01-01,917,CO
1943-01-01,1067,CO
1944-01-01,1087,CO
1945-01-01,1213,CO
1946-01-01,1231,CO
1947-01-01,1372,CO
1948-01-01,1489,CO
1949-01-01,1478,CO
1950-01-01,1584,CO
1951-01-01,1881,CO
1952-01-01,1973,CO
1953-01-01,1905,CO
1954-01-01,1881,CO
1955-01-01,1979,CO
1956-01-01,2078,CO
1957-01-01,2223,CO
1958-01-01,2272,CO
1959-01-01,2379,CO
1960-01-01,2461,CO
1961-01-01,2540,CO
1962-01-01,2602,CO
1963-01-01,2673,CO
1964-01-01,2779,CO
1965-01-01,2942,CO
1966-01-01,3127,CO
1967-01-01,3294,CO
1968-01-01,3539,CO
1969-01-01,3896,CO
1970-01-01,4290,CO
1971-01-01,4671,CO
1972-01-01,5064,CO
1973-01-01,5579,CO
1974-01-01,6142,CO
1975-01-01,6670,CO
1976-01-01,7211,CO
1977-01-01,7854,CO
1978-01-01,8824,CO
1979-01-01,9820,CO
1980-01-01,11019,CO
1981-01-01,12386,CO
1982-01-01,13230,CO
1983-01-01,13944,CO
1984-01-01,15030,CO
1985-01-01,15733,CO
1986-01-01,16200,CO
1987-01-01,16685,CO
1988-01-01,17643,CO
1989-01-01,18930,CO
1990-01-01,19853,CO
1991-01-01,20549,CO
1992-01-01,21625,CO
1993-01-01,22639,CO
1994-01-01,23625,CO
1995-01-01,24995,CO
1996-01-01,26336,CO
1997-01-01,27675,CO
1998-01-01,29903,CO
1999-01-01,31477,CO
2000-01-01,34187,CO
2001-01-01,35023,CO
2002-01-01,34608,CO
2003-01-01,34935,CO
2004-01-01,35870,CO
2005-01-01,37841,CO
2006-01-01,40140,CO
2007-01-01,42024,CO
2008-01-01,42689,CO
2009-01-01,39982,CO
2010-01-01,40689,CO
2011-01-01,43575,CO
2012-01-01,45669,CO
2013-01-01,47311,CO
2014-01-01,50711,CO
2015-01-01,52147,CO
2016-01-01,52278,CO
2017-01-01,55374,CO
2018-01-01,58500,CO
2019-01-01,61348,CO
1929-01-01,1029,CT
1930-01-01,927,CT
1931-01-01,807,CT
1932-01-01,627,CT
1933-01-01,591,CT
1934-01-01,661,CT
1935-01-01,715,CT
1936-01-01,815,CT
1937-01-01,870,CT
1938-01-01,779,CT
1939-01-01,847,CT
1940-01-01,931,CT
1941-01-01,1159,CT
1942-01-01,1440,CT
1943-01-01,1621,CT
1944-01-01,1622,CT
1945-01-01,1592,CT
1946-01-01,1600,CT
1947-01-01,1721,CT
1948-01-01,1742,CT
1949-01-01,1682,CT
1950-01-01,1918,CT
1951-01-01,2191,CT
1952-01-01,2336,CT
1953-01-01,2431,CT
1954-01-01,2389,CT
1955-01-01,2516,CT
1956-01-01,2730,CT
1957-01-01,2859,CT
1958-01-01,2673,CT
1959-01-01,2769,CT
1960-01-01,2860,CT
1961-01-01,2978,CT
1962-01-01,3108,CT
1963-01-01,3187,CT
1964-01-01,3336,CT
1965-01-01,3514,CT
1966-01-01,3797,CT
1967-01-01,4118,CT
1968-01-01,4328,CT
1969-01-01,4898,CT
1970-01-01,5158,CT
1971-01-01,5394,CT
1972-01-01,5800,CT
1973-01-01,6319,CT
1974-01-01,6879,CT
1975-01-01,7367,CT
1976-01-01,7951,CT
1977-01-01,8752,CT
1978-01-01,9720,CT
1979-01-01,10908,CT
1980-01-01,12365,CT
1981-01-01,13821,CT
1982-01-01,14878,CT
1983-01-01,15798,CT
1984-01-01,17572,CT
1985-01-01,18743,CT
1986-01-01,20024,CT
1987-01-01,21693,CT
1988-01-01,23738,CT
1989-01-01,25659,CT
1990-01-01,26394,CT
1991-01-01,26588,CT
1992-01-01,28560,CT
1993-01-01,29417,CT
1994-01-01,30188,CT
1995-01-01,31780,CT
1996-01-01,33191,CT
1997-01-01,35228,CT
1998-01-01,37835,CT
1999-01-01,39693,CT
2000-01-01,43102,CT
2001-01-01,45223,CT
2002-01-01,44914,CT
2003-01-01,45254,CT
2004-01-01,47557,CT
2005-01-01,50035,CT
2006-01-01,53945,CT
2007-01-01,57861,CT
2008-01-01,61165,CT
2009-01-01,59973,CT
2010-01-01,62090,CT
2011-01-01,63799,CT
2012-01-01,64914,CT
2013-01-01,63555,CT
2014-01-01,66490,CT
2015-01-01,68295,CT
2016-01-01,69752,CT
2017-01-01,72224,CT
2018-01-01,76481,CT
2019-01-01,79087,CT
1929-01-01,1324,DC
1930-01-01,1314,DC
1931-01-01,1253,DC
1932-01-01,1107,DC
1933-01-01,945,DC
1934-01-01,963,DC
1935-01-01,1031,DC
1936-01-01,1143,DC
1937-01-01,1211,DC
1938-01-01,1142,DC
1939-01-01,1164,DC
1940-01-01,1221,DC
1941-01-01,1271,DC
1942-01-01,1474,DC
1943-01-01,1630,DC
1944-01-01,1670,DC
1945-01-01,1754,DC
1946-01-01,1826,DC
1947-01-01,1878,DC
1948-01-01,2120,DC
1949-01-01,2286,DC
1950-01-01,2427,DC
1951-01-01,2547,DC
1952-01-01,2693,DC
1953-01-01,2599,DC
1954-01-01,2621,DC
1955-01-01,2623,DC
1956-01-01,2840,DC
1957-01-01,2939,DC
1958-01-01,3027,DC
1959-01-01,3106,DC
1960-01-01,3125,DC
1961-01-01,3236,DC
1962-01-01,3438,DC
1963-01-01,3605,DC
1964-01-01,3827,DC
1965-01-01,4129,DC
1966-01-01,4344,DC
1967-01-01,4655,DC
1968-01-01,4968,DC
1969-01-01,4939,DC
1970-01-01,5528,DC
1971-01-01,6191,DC
1972-01-01,6781,DC
1973-01-01,7246,DC
1974-01-01,8004,DC
1975-01-01,8834,DC
1976-01-01,9548,DC
1977-01-01,10469,DC
1978-01-01,11349,DC
1979-01-01,12207,DC
1980-01-01,13235,DC
1981-01-01,14279,DC
1982-01-01,15286,DC
1983-01-01,16117,DC
1984-01-01,17566,DC
1985-01-01,18567,DC
1986-01-01,19426,DC
1987-01-01,20534,DC
1988-01-01,22698,DC
1989-01-01,24276,DC
1990-01-01,26132,DC
1991-01-01,27521,DC
1992-01-01,29067,DC
1993-01-01,30349,DC
1994-01-01,31370,DC
1995-01-01,32077,DC
1996-01-01,33872,DC
1997-01-01,35739,DC
1998-01-01,38097,DC
1999-01-01,39563,DC
2000-01-01,43344,DC
2001-01-01,44695,DC
2002-01-01,45136,DC
2003-01-01,46047,DC
2004-01-01,50201,DC
2005-01-01,53186,DC
2006-01-01,56075,DC
2007-01-01,60028,DC
2008-01-01,61117,DC
2009-01-01,60448,DC
2010-01-01,63582,DC
2011-01-01,67419,DC
2012-01-01,68397,DC
2013-01-01,67923,DC
2014-01-01,71354,DC
2015-01-01,75423,DC
2016-01-01,77561,DC
2017-01-01,79058,DC
2018-01-01,82111,DC
2019-01-01,84538,DC
1929-01-01,1031,DE
1930-01-01,858,DE
1931-01-01,776,DE
1932-01-01,591,DE
1933-01-01,566,DE
1934-01-01,647,DE
1935-01-01,706,DE
1936-01-01,872,DE
1937-01-01,955,DE
1938-01-01,801,DE
1939-01-01,907,DE
1940-01-01,1038,DE
1941-01-01,1179,DE
1942-01-01,1312,DE
1943-01-01,1491,DE
1944-01-01,1529,DE
1945-01-01,1552,DE
1946-01-01,1579,DE
1947-01-01,1677,DE
1948-01-01,1679,DE
1949-01-01,1804,DE
1950-01-01,2082,DE
1951-01-01,2168,DE
1952-01-01,2258,DE
1953-01-01,2350,DE
1954-01-01,2329,DE
1955-01-01,2542,DE
1956-01-01,2797,DE
1957-01-01,2697,DE
1958-01-01,2728,DE
1959-01-01,2793,DE
1960-01-01,2873,DE
1961-01-01,2888,DE
1962-01-01,3014,DE
1963-01-01,3140,DE
1964-01-01,3302,DE
1965-01-01,3561,DE
1966-01-01,3687,DE
1967-01-01,3868,DE
1968-01-01,4148,DE
1969-01-01,4521,DE
1970-01-01,4724,DE
1971-01-01,5032,DE
1972-01-01,5446,DE
1973-01-01,5979,DE
1974-01-01,6426,DE
1975-01-01,6844,DE
1976-01-01,7430,DE
1977-01-01,7971,DE
1978-01-01,8696,DE
1979-01-01,9547,DE
1980-01-01,10809,DE
1981-01-01,11903,DE
1982-01-01,12742,DE
1983-01-01,13431,DE
1984-01-01,14671,DE
1985-01-01,15743,DE
1986-01-01,16503,DE
1987-01-01,17575,DE
1988-01-01,18925,DE
1989-01-01,20707,DE
1990-01-01,21457,DE
1991-01-01,22247,DE
1992-01-01,22814,DE
1993-01-01,23312,DE
1994-01-01,23922,DE
1995-01-01,24902,DE
1996-01-01,26227,DE
1997-01-01,27069,DE
1998-01-01,29479,DE
1999-01-01,31188,DE
2000-01-01,33907,DE
2001-01-01,36952,DE
2002-01-01,37693,DE
2003-01-01,38013,DE
2004-01-01,38970,DE
2005-01-01,39405,DE
2006-01-01,41041,DE
2007-01-01,41687,DE
2008-01-01,40722,DE
2009-01-01,40690,DE
2010-01-01,40825,DE
2011-01-01,43891,DE
2012-01-01,44077,DE
2013-01-01,44338,DE
2014-01-01,45993,DE
2015-01-01,47969,DE
2016-01-01,48520,DE
2017-01-01,50364,DE
2018-01-01,52599,DE
2019-01-01,54264,DE
1929-01-01,519,FL
1930-01-01,468,FL
1931-01-01,397,FL
1932-01-01,317,FL
1933-01-01,289,FL
1934-01-01,348,FL
1935-01-01,378,FL
1936-01-01,453,FL
1937-01-01,491,FL
1938-01-01,466,FL
1939-01-01,502,FL
1940-01-01,531,FL
1941-01-01,634,FL
1942-01-01,837,FL
1943-01-01,1057,FL
1944-01-01,1154,FL
1945-01-01,1215,FL
1946-01-01,1200,FL
1947-01-01,1195,FL
1948-01-01,1240,FL
1949-01-01,1246,FL
1950-01-01,1351,FL
1951-01-01,1440,FL
1952-01-01,1539,FL
1953-01-01,1636,FL
1954-01-01,1628,FL
1955-01-01,1743,FL
1956-01-01,1870,FL
1957-01-01,1915,FL
1958-01-01,1967,FL
1959-01-01,2091,FL
1960-01-01,2105,FL
1961-01-01,2130,FL
1962-01-01,2209,FL
1963-01-01,2299,FL
1964-01-01,2449,FL
1965-01-01,2599,FL
1966-01-01,2781,FL
1967-01-01,3007,FL
1968-01-01,3355,FL
1969-01-01,3765,FL
1970-01-01,4131,FL
1971-01-01,4433,FL
1972-01-01,4860,FL
1973-01-01,5371,FL
1974-01-01,5757,FL
1975-01-01,6107,FL
1976-01-01,6557,FL
1977-01-01,7182,FL
1978-01-01,8064,FL
1979-01-01,8939,FL
1980-01-01,10145,FL
1981-01-01,11354,FL
1982-01-01,11942,FL
1983-01-01,12846,FL
1984-01-01,13939,FL
1985-01-01,14829,FL
1986-01-01,15610,FL
1987-01-01,16436,FL
1988-01-01,17601,FL
1989-01-01,19081,FL
1990-01-01,19763,FL
1991-01-01,20073,FL
1992-01-01,20825,FL
1993-01-01,21641,FL
1994-01-01,22310,FL
1995-01-01,23496,FL
1996-01-01,24500,FL
1997-01-01,25378,FL
1998-01-01,26854,FL
1999-01-01,27678,FL
2000-01-01,29428,FL
2001-01-01,30344,FL
2002-01-01,30727,FL
2003-01-01,31704,FL
2004-01-01,33694,FL
2005-01-01,36011,FL
2006-01-01,38448,FL
2007-01-01,39602,FL
2008-01-01,39247,FL
2009-01-01,36611,FL
2010-01-01,38475,FL
2011-01-01,40131,FL
2012-01-01,41115,FL
2013-01-01,40696,FL
2014-01-01,43140,FL
2015-01-01,45321,FL
2016-01-01,45721,FL
2017-01-01,47899,FL
2018-01-01,50199,FL
2019-01-01,51989,FL
1929-01-01,343,GA
1930-01-01,303,GA
1931-01-01,254,GA
1932-01-01,197,GA
1933-01-01,202,GA
1934-01-01,241,GA
1935-01-01,267,GA
1936-01-01,300,GA
1937-01-01,312,GA
1938-01-01,288,GA
1939-01-01,308,GA
1940-01-01,338,GA
1941-01-01,432,GA
1942-01-01,592,GA
1943-01-01,749,GA
1944-01-01,852,GA
1945-01-01,899,GA
1946-01-01,859,GA
1947-01-01,896,GA
1948-01-01,997,GA
1949-01-01,983,GA
1950-01-01,1087,GA
1951-01-01,1240,GA
1952-01-01,1322,GA
1953-01-01,1369,GA
1954-01-01,1351,GA
1955-01-01,1475,GA
1956-01-01,1552,GA
1957-01-01,1580,GA
1958-01-01,1631,GA
1959-01-01,1709,GA
1960-01-01,1749,GA
1961-01-01,1799,GA
1962-01-01,1901,GA
1963-01-01,2024,GA
1964-01-01,2148,GA
1965-01-01,2331,GA
1966-01-01,2545,GA
1967-01-01,2750,GA
1968-01-01,2986,GA
1969-01-01,3292,GA
1970-01-01,3542,GA
1971-01-01,3823,GA
1972-01-01,4203,GA
1973-01-01,4656,GA
1974-01-01,5019,GA
1975-01-01,5354,GA
1976-01-01,5881,GA
1977-01-01,6396,GA
1978-01-01,7154,GA
1979-01-01,7850,GA
1980-01-01,8602,GA
1981-01-01,9600,GA
1982-01-01,10242,GA
1983-01-01,11064,GA
1984-01-01,12316,GA
1985-01-01,13196,GA
1986-01-01,14109,GA
1987-01-01,14888,GA
1988-01-01,15959,GA
1989-01-01,16942,GA
1990-01-01,17835,GA
1991-01-01,18322,GA
1992-01-01,19360,GA
1993-01-01,20087,GA
1994-01-01,21090,GA
1995-01-01,22235,GA
1996-01-01,23475,GA
1997-01-01,24404,GA
1998-01-01,26159,GA
1999-01-01,27275,GA
2000-01-01,28861,GA
2001-01-01,29751,GA
2002-01-01,30111,GA
2003-01-01,30803,GA
2004-01-01,31960,GA
2005-01-01,33331,GA
2006-01-01,34687,GA
2007-01-01,35523,GA
2008-01-01,35175,GA
2009-01-01,34042,GA
2010-01-01,34521,GA
2011-01-01,36577,GA
2012-01-01,37254,GA
2013-01-01,37552,GA
2014-01-01,39802,GA
2015-01-01,41692,GA
2016-01-01,42705,GA
2017-01-01,44548,GA
2018-01-01,46519,GA
2019-01-01,48199,GA
1950-01-01,1580,HI
1951-01-01,1839,HI
1952-01-01,2056,HI
1953-01-01,2114,HI
1954-01-01,2110,HI
1955-01-01,2105,HI
1956-01-01,2130,HI
1957-01-01,2161,HI
1958-01-01,2121,HI
1959-01-01,2290,HI
1960-01-01,2516,HI
1961-01-01,2661,HI
1962-01-01,2750,HI
1963-01-01,2949,HI
1964-01-01,3125,HI
1965-01-01,3412,HI
1966-01-01,3674,HI
1967-01-01,3915,HI
1968-01-01,4338,HI
1969-01-01,4903,HI
1970-01-01,5538,HI
1971-01-01,5791,HI
1972-01-01,6170,HI
1973-01-01,6643,HI
1974-01-01,7412,HI
1975-01-01,7907,HI
1976-01-01,8367,HI
1977-01-01,8828,HI
1978-01-01,9640,HI
1979-01-01,10571,HI
1980-01-01,11867,HI
1981-01-01,12711,HI
1982-01-01,13249,HI
1983-01-01,14262,HI
1984-01-01,15052,HI
1985-01-01,15824,HI
1986-01-01,16599,HI
1987-01-01,17435,HI
1988-01-01,18964,HI
1989-01-01,20897,HI
1990-01-01,22433,HI
1991-01-01,23253,HI
1992-01-01,24542,HI
1993-01-01,25133,HI
1994-01-01,25400,HI
1995-01-01,25788,HI
1996-01-01,25665,HI
1997-01-01,26334,HI
1998-01-01,26769,HI
1999-01-01,27809,HI
2000-01-01,29404,HI
2001-01-01,30347,HI
2002-01-01,31425,HI
2003-01-01,32603,HI
2004-01-01,34531,HI
2005-01-01,36594,HI
2006-01-01,38711,HI
2007-01-01,40605,HI
2008-01-01,42080,HI
2009-01-01,41352,HI
2010-01-01,41921,HI
2011-01-01,43532,HI
2012-01-01,44778,HI
2013-01-01,44961,HI
2014-01-01,47257,HI
2015-01-01,49495,HI
2016-01-01,51051,HI
2017-01-01,53138,HI
2018-01-01,55414,HI
2019-01-01,57450,HI
1929-01-01,571,IA
1930-01-01,501,IA
1931-01-01,396,IA
1932-01-01,293,IA
1933-01-01,252,IA
1934-01-01,271,IA
1935-01-01,418,IA
1936-01-01,391,IA
1937-01-01,513,IA
1938-01-01,451,IA
1939-01-01,468,IA
1940-01-01,494,IA
1941-01-01,603,IA
1942-01-01,829,IA
1943-01-01,1024,IA
1944-01-01,1004,IA
1945-01-01,1096,IA
1946-01-01,1238,IA
1947-01-01,1211,IA
1948-01-01,1621,IA
1949-01-01,1362,IA
1950-01-01,1539,IA
1951-01-01,1647,IA
1952-01-01,1743,IA
1953-01-01,1676,IA
1954-01-01,1815,IA
1955-01-01,1696,IA
1956-01-01,1784,IA
1957-01-01,1969,IA
1958-01-01,2017,IA
1959-01-01,2053,IA
1960-01-01,2085,IA
1961-01-01,2207,IA
1962-01-01,2307,IA
1963-01-01,2455,IA
1964-01-01,2571,IA
1965-01-01,2851,IA
1966-01-01,3082,IA
1967-01-01,3105,IA
1968-01-01,3335,IA
1969-01-01,3698,IA
1970-01-01,3923,IA
1971-01-01,4082,IA
1972-01-01,4559,IA
1973-01-01,5466,IA
1974-01-01,5657,IA
1975-01-01,6293,IA
1976-01-01,6640,IA
1977-01-01,7300,IA
1978-01-01,8406,IA
1979-01-01,9016,IA
1980-01-01,9607,IA
1981-01-01,10894,IA
1982-01-01,11268,IA
1983-01-01,11548,IA
1984-01-01,12924,IA
1985-01-01,13505,IA
1986-01-01,14141,IA
1987-01-01,14954,IA
1988-01-01,15446,IA
1989-01-01,16803,IA
1990-01-01,17628,IA
1991-01-01,17924,IA
1992-01-01,19086,IA
1993-01-01,19053,IA
1994-01-01,20677,IA
1995-01-01,21388,IA
1996-01-01,23209,IA
1997-01-01,24197,IA
1998-01-01,25260,IA
1999-01-01,25819,IA
2000-01-01,27463,IA
2001-01-01,28215,IA
2002-01-01,28848,IA
2003-01-01,29385,IA
2004-01-01,31660,IA
2005-01-01,32574,IA
2006-01-01,34392,IA
2007-01-01,36640,IA
2008-01-01,38537,IA
2009-01-01,37136,IA
2010-01-01,38105,IA
2011-01-01,40948,IA
2012-01-01,42905,IA
2013-01-01,43474,IA
2014-01-01,44801,IA
2015-01-01,46232,IA
2016-01-01,46437,IA
2017-01-01,47490,IA
2018-01-01,50243,IA
2019-01-01,52636,IA
1929-01-01,499,ID
1930-01-01,488,ID
1931-01-01,366,ID
1932-01-01,268,ID
1933-01-01,228,ID
1934-01-01,389,ID
1935-01-01,394,ID
1936-01-01,466,ID
1937-01-01,421,ID
1938-01-01,421,ID
1939-01-01,431,ID
1940-01-01,459,ID
1941-01-01,594,ID
1942-01-01,919,ID
1943-01-01,1040,ID
1944-01-01,1110,ID
1945-01-01,1144,ID
1946-01-01,1203,ID
1947-01-01,1273,ID
1948-01-01,1352,ID
1949-01-01,1297,ID
1950-01-01,1352,ID
1951-01-01,1532,ID
1952-01-01,1693,ID
1953-01-01,1596,ID
1954-01-01,1612,ID
1955-01-01,1651,ID
1956-01-01,1792,ID
1957-01-01,1857,ID
1958-01-01,1882,ID
1959-01-01,1959,ID
1960-01-01,1961,ID
1961-01-01,2035,ID
1962-01-01,2150,ID
1963-01-01,2230,ID
1964-01-01,2316,ID
1965-01-01,2615,ID
1966-01-01,2638,ID
1967-01-01,2808,ID
1968-01-01,2971,ID
1969-01-01,3382,ID
1970-01-01,3691,ID
1971-01-01,3918,ID
1972-01-01,4329,ID
1973-01-01,4885,ID
1974-01-01,5566,ID
1975-01-01,5850,ID
1976-01-01,6343,ID
1977-01-01,6726,ID
1978-01-01,7497,ID
1979-01-01,8009,ID
1980-01-01,8856,ID
1981-01-01,9600,ID
1982-01-01,9961,ID
1983-01-01,10795,ID
1984-01-01,11399,ID
1985-01-01,12004,ID
1986-01-01,12297,ID
1987-01-01,12918,ID
1988-01-01,13966,ID
1989-01-01,15232,ID
1990-01-01,16152,ID
1991-01-01,16509,ID
1992-01-01,17640,ID
1993-01-01,18688,ID
1994-01-01,19368,ID
1995-01-01,20252,ID
1996-01-01,21058,ID
1997-01-01,21506,ID
1998-01-01,22816,ID
1999-01-01,23788,ID
2000-01-01,25235,ID
2001-01-01,25805,ID
2002-01-01,26247,ID
2003-01-01,26700,ID
2004-01-01,28197,ID
2005-01-01,29297,ID
2006-01-01,31431,ID
2007-01-01,32638,ID
2008-01-01,32722,ID
2009-01-01,31186,ID
2010-01-01,31957,ID
2011-01-01,33514,ID
2012-01-01,35190,ID
2013-01-01,36208,ID
2014-01-01,37905,ID
2015-01-01,39868,ID
2016-01-01,40683,ID
2017-01-01,42123,ID
2018-01-01,43994,ID
2019-01-01,45642,ID
1929-01-01,951,IL
1930-01-01,810,IL
1931-01-01,673,IL
1932-01-01,489,IL
1933-01-01,441,IL
1934-01-01,508,IL
1935-01-01,576,IL
1936-01-01,654,IL
1937-01-01,734,IL
1938-01-01,652,IL
1939-01-01,710,IL
1940-01-01,758,IL
1941-01-01,901,IL
1942-01-01,1049,IL
1943-01-01,1278,IL
1944-01-01,1405,IL
1945-01-01,1488,IL
1946-01-01,1550,IL
1947-01-01,1651,IL
1948-01-01,1817,IL
1949-01-01,1690,IL
1950-01-01,1842,IL
1951-01-01,2041,IL
1952-01-01,2106,IL
1953-01-01,2223,IL
1954-01-01,2193,IL
1955-01-01,2288,IL
1956-01-01,2473,IL
1957-01-01,2542,IL
1958-01-01,2511,IL
1959-01-01,2639,IL
1960-01-01,2698,IL
1961-01-01,2792,IL
1962-01-01,2907,IL
1963-01-01,2989,IL
1964-01-01,3142,IL
1965-01-01,3373,IL
1966-01-01,3608,IL
1967-01-01,3801,IL
1968-01-01,4055,IL
1969-01-01,4392,IL
1970-01-01,4632,IL
1971-01-01,4936,IL
1972-01-01,5332,IL
1973-01-01,5947,IL
1974-01-01,6494,IL
1975-01-01,7064,IL
1976-01-01,7644,IL
1977-01-01,8369,IL
1978-01-01,9213,IL
1979-01-01,10117,IL
1980-01-01,10950,IL
1981-01-01,12136,IL
1982-01-01,12869,IL
1983-01-01,13412,IL
1984-01-01,14784,IL
1985-01-01,15545,IL
1986-01-01,16370,IL
1987-01-01,17310,IL
1988-01-01,18669,IL
1989-01-01,19888,IL
1990-01-01,21025,IL
1991-01-01,21253,IL
1992-01-01,22724,IL
1993-01-01,23317,IL
1994-01-01,24349,IL
1995-01-01,25633,IL
1996-01-01,27066,IL
1997-01-01,28422,IL
1998-01-01,29934,IL
1999-01-01,31024,IL
2000-01-01,33169,IL
2001-01-01,34230,IL
2002-01-01,34522,IL
2003-01-01,35039,IL
2004-01-01,36334,IL
2005-01-01,37793,IL
2006-01-01,40214,IL
2007-01-01,42381,IL
2008-01-01,43267,IL
2009-01-01,41042,IL
2010-01-01,42093,IL
2011-01-01,44140,IL
2012-01-01,46050,IL
2013-01-01,47124,IL
2014-01-01,49461,IL
2015-01-01,51541,IL
2016-01-01,52299,IL
2017-01-01,53974,IL
2018-01-01,56919,IL
2019-01-01,58935,IL
1929-01-01,605,IN
1930-01-01,512,IN
1931-01-01,435,IN
1932-01-01,308,IN
1933-01-01,294,IN
1934-01-01,357,IN
1935-01-01,419,IN
1936-01-01,481,IN
1937-01-01,546,IN
1938-01-01,472,IN
1939-01-01,518,IN
1940-01-01,552,IN
1941-01-01,726,IN
1942-01-01,919,IN
1943-01-01,1150,IN
1944-01-01,1209,IN
1945-01-01,1265,IN
1946-01-01,1211,IN
1947-01-01,1316,IN
1948-01-01,1448,IN
1949-01-01,1357,IN
1950-01-01,1525,IN
1951-01-01,1719,IN
1952-01-01,1786,IN
1953-01-01,1952,IN
1954-01-01,1810,IN
1955-01-01,1908,IN
1956-01-01,2011,IN
1957-01-01,2046,IN
1958-01-01,2023,IN
1959-01-01,2141,IN
1960-01-01,2223,IN
1961-01-01,2264,IN
1962-01-01,2421,IN
1963-01-01,2509,IN
1964-01-01,2639,IN
1965-01-01,2877,IN
1966-01-01,3058,IN
1967-01-01,3170,IN
1968-01-01,3419,IN
1969-01-01,3741,IN
1970-01-01,3849,IN
1971-01-01,4151,IN
1972-01-01,4503,IN
1973-01-01,5136,IN
1974-01-01,5472,IN
1975-01-01,5907,IN
1976-01-01,6540,IN
1977-01-01,7197,IN
1978-01-01,7968,IN
1979-01-01,8732,IN
1980-01-01,9365,IN
1981-01-01,10292,IN
1982-01-01,10686,IN
1983-01-01,11243,IN
1984-01-01,12460,IN
1985-01-01,13154,IN
1986-01-01,13868,IN
1987-01-01,14664,IN
1988-01-01,15646,IN
1989-01-01,16942,IN
1990-01-01,17768,IN
1991-01-01,18121,IN
1992-01-01,19411,IN
1993-01-01,20232,IN
1994-01-01,21297,IN
1995-01-01,22047,IN
1996-01-01,23089,IN
1997-01-01,24096,IN
1998-01-01,25813,IN
1999-01-01,26693,IN
2000-01-01,28233,IN
2001-01-01,28697,IN
2002-01-01,28983,IN
2003-01-01,29476,IN
2004-01-01,30691,IN
2005-01-01,31487,IN
2006-01-01,33071,IN
2007-01-01,33986,IN
2008-01-01,35228,IN
2009-01-01,34102,IN
2010-01-01,35454,IN
2011-01-01,37650,IN
2012-01-01,39333,IN
2013-01-01,39646,IN
2014-01-01,41098,IN
2015-01-01,42626,IN
2016-01-01,43734,IN
2017-01-01,45239,IN
2018-01-01,47124,IN
2019-01-01,48657,IN
1929-01-01,526,KS
1930-01-01,460,KS
1931-01-01,394,KS
1932-01-01,267,KS
1933-01-01,251,KS
1934-01-01,288,KS
1935-01-01,360,KS
1936-01-01,387,KS
1937-01-01,427,KS
1938-01-01,383,KS
1939-01-01,382,KS
1940-01-01,425,KS
1941-01-01,556,KS
1942-01-01,860,KS
1943-01-01,1062,KS
1944-01-01,1182,KS
1945-01-01,1179,KS
1946-01-01,1142,KS
1947-01-01,1304,KS
1948-01-01,1350,KS
1949-01-01,1314,KS
1950-01-01,1481,KS
1951-01-01,1622,KS
1952-01-01,1864,KS
1953-01-01,1779,KS
1954-01-01,1839,KS
1955-01-01,1800,KS
1956-01-01,1871,KS
1957-01-01,1966,KS
1958-01-01,2144,KS
1959-01-01,2149,KS
1960-01-01,2211,KS
1961-01-01,2275,KS
1962-01-01,2351,KS
1963-01-01,2420,KS
1964-01-01,2558,KS
1965-01-01,2731,KS
1966-01-01,2933,KS
1967-01-01,3075,KS
1968-01-01,3321,KS
1969-01-01,3665,KS
1970-01-01,3956,KS
1971-01-01,4298,KS
1972-01-01,4772,KS
1973-01-01,5417,KS
1974-01-01,5848,KS
1975-01-01,6358,KS
1976-01-01,6850,KS
1977-01-01,7413,KS
1978-01-01,8151,KS
1979-01-01,9251,KS
1980-01-01,10075,KS
1981-01-01,11342,KS
1982-01-01,12213,KS
1983-01-01,12643,KS
1984-01-01,13827,KS
1985-01-01,14524,KS
1986-01-01,15193,KS
1987-01-01,15805,KS
1988-01-01,16533,KS
1989-01-01,17433,KS
1990-01-01,18438,KS
1991-01-01,18934,KS
1992-01-01,20115,KS
1993-01-01,20853,KS
1994-01-01,21599,KS
1995-01-01,22349,KS
1996-01-01,23688,KS
1997-01-01,24958,KS
1998-01-01,26238,KS
1999-01-01,26936,KS
2000-01-01,28244,KS
2001-01-01,29078,KS
2002-01-01,29202,KS
2003-01-01,29925,KS
2004-01-01,30664,KS
2005-01-01,32312,KS
2006-01-01,35447,KS
2007-01-01,37811,KS
2008-01-01,40791,KS
2009-01-01,39088,KS
2010-01-01,39563,KS
2011-01-01,42716,KS
2012-01-01,45120,KS
2013-01-01,45962,KS
2014-01-01,46881,KS
2015-01-01,47394,KS
2016-01-01,47517,KS
2017-01-01,48902,KS
2018-01-01,51474,KS
2019-01-01,53453,KS
1929-01-01,388,KY
1930-01-01,322,KY
1931-01-01,287,KY
1932-01-01,209,KY
1933-01-01,204,KY
1934-01-01,232,KY
1935-01-01,264,KY
1936-01-01,293,KY
1937-01-01,339,KY
1938-01-01,296,KY
1939-01-01,305,KY
1940-01-01,322,KY
1941-01-01,401,KY
1942-01-01,551,KY
1943-01-01,717,KY
1944-01-01,778,KY
1945-01-01,815,KY
1946-01-01,835,KY
1947-01-01,870,KY
1948-01-01,1001,KY
1949-01-01,940,KY
1950-01-01,998,KY
1951-01-01,1172,KY
1952-01-01,1256,KY
1953-01-01,1327,KY
1954-01-01,1311,KY
1955-01-01,1368,KY
1956-01-01,1452,KY
1957-01-01,1508,KY
1958-01-01,1561,KY
1959-01-01,1621,KY
1960-01-01,1651,KY
1961-01-01,1750,KY
1962-01-01,1844,KY
1963-01-01,1928,KY
1964-01-01,1990,KY
1965-01-01,2150,KY
1966-01-01,2345,KY
1967-01-01,2518,KY
1968-01-01,2733,KY
1969-01-01,3037,KY
1970-01-01,3261,KY
1971-01-01,3476,KY
1972-01-01,3801,KY
1973-01-01,4227,KY
1974-01-01,4698,KY
1975-01-01,5039,KY
1976-01-01,5536,KY
1977-01-01,6135,KY
1978-01-01,6769,KY
1979-01-01,7535,KY
1980-01-01,8152,KY
1981-01-01,9056,KY
1982-01-01,9611,KY
1983-01-01,9949,KY
1984-01-01,11111,KY
1985-01-01,11588,KY
1986-01-01,11936,KY
1987-01-01,12624,KY
1988-01-01,13743,KY
1989-01-01,14784,KY
1990-01-01,15613,KY
1991-01-01,16345,KY
1992-01-01,17407,KY
1993-01-01,17871,KY
1994-01-01,18604,KY
1995-01-01,19307,KY
1996-01-01,20314,KY
1997-01-01,21388,KY
1998-01-01,22469,KY
1999-01-01,23255,KY
2000-01-01,24894,KY
2001-01-01,25609,KY
2002-01-01,26057,KY
2003-01-01,26624,KY
2004-01-01,27989,KY
2005-01-01,29110,KY
2006-01-01,30543,KY
2007-01-01,31615,KY
2008-01-01,32757,KY
2009-01-01,32157,KY
2010-01-01,33141,KY
2011-01-01,34624,KY
2012-01-01,35754,KY
2013-01-01,35921,KY
2014-01-01,37585,KY
2015-01-01,39093,KY
2016-01-01,39638,KY
2017-01-01,41014,KY
2018-01-01,42527,KY
2019-01-01,44017,KY
1929-01-01,409,LA
1930-01-01,353,LA
1931-01-01,315,LA
1932-01-01,238,LA
1933-01-01,226,LA
1934-01-01,263,LA
1935-01-01,289,LA
1936-01-01,328,LA
1937-01-01,352,LA
1938-01-01,347,LA
1939-01-01,359,LA
1940-01-01,365,LA
1941-01-01,465,LA
1942-01-01,617,LA
1943-01-01,811,LA
1944-01-01,896,LA
1945-01-01,908,LA
1946-01-01,845,LA
1947-01-01,890,LA
1948-01-01,1023,LA
1949-01-01,1082,LA
1950-01-01,1132,LA
1951-01-01,1234,LA
1952-01-01,1309,LA
1953-01-01,1374,LA
1954-01-01,1364,LA
1955-01-01,1419,LA
1956-01-01,1532,LA
1957-01-01,1650,LA
1958-01-01,1669,LA
1959-01-01,1716,LA
1960-01-01,1715,LA
1961-01-01,1770,LA
1962-01-01,1841,LA
1963-01-01,1944,LA
1964-01-01,2036,LA
1965-01-01,2174,LA
1966-01-01,2369,LA
1967-01-01,2576,LA
1968-01-01,2805,LA
1969-01-01,2975,LA
1970-01-01,3195,LA
1971-01-01,3427,LA
1972-01-01,3698,LA
1973-01-01,4098,LA
1974-01-01,4620,LA
1975-01-01,5113,LA
1976-01-01,5672,LA
1977-01-01,6234,LA
1978-01-01,7029,LA
1979-01-01,7846,LA
1980-01-01,8849,LA
1981-01-01,10059,LA
1982-01-01,10656,LA
1983-01-01,11017,LA
1984-01-01,11704,LA
1985-01-01,12166,LA
1986-01-01,12184,LA
1987-01-01,12415,LA
1988-01-01,13263,LA
1989-01-01,14185,LA
1990-01-01,15369,LA
1991-01-01,16084,LA
1992-01-01,17066,LA
1993-01-01,17809,LA
1994-01-01,18840,LA
1995-01-01,19630,LA
1996-01-01,20409,LA
1997-01-01,21352,LA
1998-01-01,22283,LA
1999-01-01,22731,LA
2000-01-01,23943,LA
2001-01-01,25561,LA
2002-01-01,26171,LA
2003-01-01,26793,LA
2004-01-01,27744,LA
2005-01-01,29699,LA
2006-01-01,33385,LA
2007-01-01,35966,LA
2008-01-01,37891,LA
2009-01-01,36457,LA
2010-01-01,37649,LA
2011-01-01,38706,LA
2012-01-01,40554,LA
2013-01-01,40912,LA
2014-01-01,42686,LA
2015-01-01,43036,LA
2016-01-01,42726,LA
2017-01-01,43941,LA
2018-01-01,46245,LA
2019-01-01,48008,LA
1929-01-01,911,MA
1930-01-01,842,MA
1931-01-01,766,MA
1932-01-01,622,MA
1933-01-01,568,MA
1934-01-01,618,MA
1935-01-01,653,MA
1936-01-01,725,MA
1937-01-01,742,MA
1938-01-01,683,MA
1939-01-01,736,MA
1940-01-01,793,MA
1941-01-01,921,MA
1942-01-01,1102,MA
1943-01-01,1296,MA
1944-01-01,1330,MA
1945-01-01,1382,MA
1946-01-01,1422,MA
1947-01-01,1458,MA
1948-01-01,1532,MA
1949-01-01,1498,MA
1950-01-01,1685,MA
1951-01-01,1857,MA
1952-01-01,1944,MA
1953-01-01,1994,MA
1954-01-01,1973,MA
1955-01-01,2116,MA
1956-01-01,2241,MA
1957-01-01,2350,MA
1958-01-01,2362,MA
1959-01-01,2468,MA
1960-01-01,2548,MA
1961-01-01,2647,MA
1962-01-01,2773,MA
1963-01-01,2845,MA
1964-01-01,2980,MA
1965-01-01,3148,MA
1966-01-01,3369,MA
1967-01-01,3622,MA
1968-01-01,3938,MA
1969-01-01,4255,MA
1970-01-01,4552,MA
1971-01-01,4834,MA
1972-01-01,5203,MA
1973-01-01,5632,MA
1974-01-01,6090,MA
1975-01-01,6560,MA
1976-01-01,7078,MA
1977-01-01,7712,MA
1978-01-01,8522,MA
1979-01-01,9481,MA
1980-01-01,10684,MA
1981-01-01,11873,MA
1982-01-01,13013,MA
1983-01-01,14044,MA
1984-01-01,15739,MA
1985-01-01,16893,MA
1986-01-01,18152,MA
1987-01-01,19552,MA
1988-01-01,21358,MA
1989-01-01,22477,MA
1990-01-01,23118,MA
1991-01-01,23486,MA
1992-01-01,24628,MA
1993-01-01,25471,MA
1994-01-01,26607,MA
1995-01-01,27964,MA
1996-01-01,29545,MA
1997-01-01,31180,MA
1998-01-01,32914,MA
1999-01-01,34889,MA
2000-01-01,38555,MA
2001-01-01,39872,MA
2002-01-01,39645,MA
2003-01-01,40479,MA
2004-01-01,42647,MA
2005-01-01,44609,MA
2006-01-01,47974,MA
2007-01-01,50238,MA
2008-01-01,51916,MA
2009-01-01,50942,MA
2010-01-01,53062,MA
2011-01-01,55302,MA
2012-01-01,57333,MA
2013-01-01,57377,MA
2014-01-01,59963,MA
2015-01-01,63598,MA
2016-01-01,65496,MA
2017-01-01,68267,MA
2018-01-01,71886,MA
2019-01-01,74967,MA
1929-01-01,775,MD
1930-01-01,721,MD
1931-01-01,646,MD
1932-01-01,522,MD
1933-01-01,475,MD
1934-01-01,532,MD
1935-01-01,558,MD
1936-01-01,627,MD
1937-01-01,674,MD
1938-01-01,644,MD
1939-01-01,673,MD
1940-01-01,723,MD
1941-01-01,896,MD
1942-01-01,1157,MD
1943-01-01,1325,MD
1944-01-01,1359,MD
1945-01-01,1349,MD
1946-01-01,1352,MD
1947-01-01,1385,MD
1948-01-01,1548,MD
1949-01-01,1541,MD
1950-01-01,1702,MD
1951-01-01,1895,MD
1952-01-01,2039,MD
1953-01-01,2115,MD
1954-01-01,2032,MD
1955-01-01,2141,MD
1956-01-01,2281,MD
1957-01-01,2377,MD
1958-01-01,2337,MD
1959-01-01,2402,MD
1960-01-01,2486,MD
1961-01-01,2593,MD
1962-01-01,2727,MD
1963-01-01,2815,MD
1964-01-01,2974,MD
1965-01-01,3144,MD
1966-01-01,3377,MD
1967-01-01,3615,MD
1968-01-01,3932,MD
1969-01-01,4456,MD
1970-01-01,4867,MD
1971-01-01,5252,MD
1972-01-01,5679,MD
1973-01-01,6221,MD
1974-01-01,6751,MD
1975-01-01,7265,MD
1976-01-01,7887,MD
1977-01-01,8505,MD
1978-01-01,9407,MD
1979-01-01,10311,MD
1980-01-01,11473,MD
1981-01-01,12680,MD
1982-01-01,13685,MD
1983-01-01,14557,MD
1984-01-01,15959,MD
1985-01-01,17109,MD
1986-01-01,18174,MD
1987-01-01,19276,MD
1988-01-01,20769,MD
1989-01-01,22127,MD
1990-01-01,23104,MD
1991-01-01,23605,MD
1992-01-01,24503,MD
1993-01-01,25239,MD
1994-01-01,26161,MD
1995-01-01,27070,MD
1996-01-01,28119,MD
1997-01-01,29432,MD
1998-01-01,31486,MD
1999-01-01,33124,MD
2000-01-01,35681,MD
2001-01-01,37157,MD
2002-01-01,38170,MD
2003-01-01,39524,MD
2004-01-01,41862,MD
2005-01-01,43841,MD
2006-01-01,45932,MD
2007-01-01,47586,MD
2008-01-01,49428,MD
2009-01-01,48755,MD
2010-01-01,50007,MD
2011-01-01,52433,MD
2012-01-01,53547,MD
2013-01-01,53057,MD
2014-01-01,54695,MD
2015-01-01,57150,MD
2016-01-01,59042,MD
2017-01-01,60522,MD
2018-01-01,63426,MD
2019-01-01,65683,MD
1929-01-01,600,ME
1930-01-01,574,ME
1931-01-01,492,ME
1932-01-01,380,ME
1933-01-01,373,ME
1934-01-01,418,ME
1935-01-01,435,ME
1936-01-01,509,ME
1937-01-01,514,ME
1938-01-01,476,ME
1939-01-01,500,ME
1940-01-01,532,ME
1941-01-01,641,ME
1942-01-01,873,ME
1943-01-01,1126,ME
1944-01-01,1123,ME
1945-01-01,1101,ME
1946-01-01,1148,ME
1947-01-01,1182,ME
1948-01-01,1270,ME
1949-01-01,1214,ME
1950-01-01,1226,ME
1951-01-01,1360,ME
1952-01-01,1490,ME
1953-01-01,1505,ME
1954-01-01,1508,ME
1955-01-01,1644,ME
1956-01-01,1733,ME
1957-01-01,1793,ME
1958-01-01,1866,ME
1959-01-01,1924,ME
1960-01-01,2002,ME
1961-01-01,1987,ME
1962-01-01,2067,ME
1963-01-01,2137,ME
1964-01-01,2309,ME
1965-01-01,2482,ME
1966-01-01,2632,ME
1967-01-01,2750,ME
1968-01-01,2958,ME
1969-01-01,3262,ME
1970-01-01,3569,ME
1971-01-01,3764,ME
1972-01-01,4047,ME
1973-01-01,4498,ME
1974-01-01,4933,ME
1975-01-01,5266,ME
1976-01-01,5915,ME
1977-01-01,6340,ME
1978-01-01,6939,ME
1979-01-01,7636,ME
1980-01-01,8567,ME
1981-01-01,9401,ME
1982-01-01,10188,ME
1983-01-01,10896,ME
1984-01-01,11930,ME
1985-01-01,12807,ME
1986-01-01,13779,ME
1987-01-01,14766,ME
1988-01-01,16013,ME
1989-01-01,17223,ME
1990-01-01,17756,ME
1991-01-01,17986,ME
1992-01-01,18833,ME
1993-01-01,19395,ME
1994-01-01,20187,ME
1995-01-01,21053,ME
1996-01-01,22139,ME
1997-01-01,23247,ME
1998-01-01,24794,ME
1999-01-01,25892,ME
2000-01-01,27584,ME
2001-01-01,28885,ME
2002-01-01,29641,ME
2003-01-01,30837,ME
2004-01-01,32256,ME
2005-01-01,32946,ME
2006-01-01,34514,ME
2007-01-01,35686,ME
2008-01-01,37054,ME
2009-01-01,37055,ME
2010-01-01,37910,ME
2011-01-01,39468,ME
2012-01-01,40287,ME
2013-01-01,40170,ME
2014-01-01,41826,ME
2015-01-01,43627,ME
2016-01-01,44841,ME
2017-01-01,46585,ME
2018-01-01,48881,ME
2019-01-01,50950,ME
1929-01-01,792,MI
1930-01-01,658,MI
1931-01-01,540,MI
1932-01-01,395,MI
1933-01-01,348,MI
1934-01-01,454,MI
1935-01-01,532,MI
1936-01-01,621,MI
1937-01-01,687,MI
1938-01-01,574,MI
1939-01-01,628,MI
1940-01-01,683,MI
1941-01-01,834,MI
1942-01-01,1058,MI
1943-01-01,1372,MI
1944-01-01,1403,MI
1945-01-01,1342,MI
1946-01-01,1338,MI
1947-01-01,1474,MI
1948-01-01,1561,MI
1949-01-01,1523,MI
1950-01-01,1717,MI
1951-01-01,1896,MI
1952-01-01,1984,MI
1953-01-01,2198,MI
1954-01-01,2069,MI
1955-01-01,2229,MI
1956-01-01,2270,MI
1957-01-01,2304,MI
1958-01-01,2233,MI
1959-01-01,2334,MI
1960-01-01,2411,MI
1961-01-01,2402,MI
1962-01-01,2561,MI
1963-01-01,2692,MI
1964-01-01,2904,MI
1965-01-01,3156,MI
1966-01-01,3379,MI
1967-01-01,3475,MI
1968-01-01,3813,MI
1969-01-01,4107,MI
1970-01-01,4200,MI
1971-01-01,4530,MI
1972-01-01,5001,MI
1973-01-01,5554,MI
1974-01-01,5918,MI
1975-01-01,6340,MI
1976-01-01,7070,MI
1977-01-01,7913,MI
1978-01-01,8778,MI
1979-01-01,9566,MI
1980-01-01,10230,MI
1981-01-01,10995,MI
1982-01-01,11499,MI
1983-01-01,12332,MI
1984-01-01,13612,MI
1985-01-01,14720,MI
1986-01-01,15562,MI
1987-01-01,16061,MI
1988-01-01,17089,MI
1989-01-01,18332,MI
1990-01-01,19051,MI
1991-01-01,19298,MI
1992-01-01,20280,MI
1993-01-01,21219,MI
1994-01-01,22687,MI
1995-01-01,23801,MI
1996-01-01,24821,MI
1997-01-01,25990,MI
1998-01-01,27432,MI
1999-01-01,28695,MI
2000-01-01,30409,MI
2001-01-01,30796,MI
2002-01-01,30671,MI
2003-01-01,31327,MI
2004-01-01,32165,MI
2005-01-01,32877,MI
2006-01-01,33729,MI
2007-01-01,34792,MI
2008-01-01,35700,MI
2009-01-01,34030,MI
2010-01-01,35391,MI
2011-01-01,37509,MI
2012-01-01,39059,MI
2013-01-01,39362,MI
2014-01-01,41150,MI
2015-01-01,43536,MI
2016-01-01,44874,MI
2017-01-01,46273,MI
2018-01-01,48480,MI
2019-01-01,50320,MI
1929-01-01,594,MN
1930-01-01,547,MN
1931-01-01,457,MN
1932-01-01,361,MN
1933-01-01,310,MN
1934-01-01,359,MN
1935-01-01,449,MN
1936-01-01,474,MN
1937-01-01,538,MN
1938-01-01,493,MN
1939-01-01,517,MN
1940-01-01,524,MN
1941-01-01,616,MN
1942-01-01,799,MN
1943-01-01,955,MN
1944-01-01,1012,MN
1945-01-01,1119,MN
1946-01-01,1193,MN
1947-01-01,1271,MN
1948-01-01,1451,MN
1949-01-01,1335,MN
1950-01-01,1447,MN
1951-01-01,1595,MN
1952-01-01,1650,MN
1953-01-01,1731,MN
1954-01-01,1748,MN
1955-01-01,1818,MN
1956-01-01,1864,MN
1957-01-01,1958,MN
1958-01-01,2044,MN
1959-01-01,2090,MN
1960-01-01,2182,MN
1961-01-01,2263,MN
1962-01-01,2356,MN
1963-01-01,2486,MN
1964-01-01,2566,MN
1965-01-01,2808,MN
1966-01-01,3023,MN
1967-01-01,3211,MN
1968-01-01,3493,MN
1969-01-01,3829,MN
1970-01-01,4117,MN
1971-01-01,4353,MN
1972-01-01,4714,MN
1973-01-01,5500,MN
1974-01-01,5903,MN
1975-01-01,6340,MN
1976-01-01,6801,MN
1977-01-01,7612,MN
1978-01-01,8487,MN
1979-01-01,9360,MN
1980-01-01,10282,MN
1981-01-01,11321,MN
1982-01-01,12070,MN
1983-01-01,12696,MN
1984-01-01,14351,MN
1985-01-01,15143,MN
1986-01-01,15937,MN
1987-01-01,16878,MN
1988-01-01,17556,MN
1989-01-01,18992,MN
1990-01-01,19935,MN
1991-01-01,20322,MN
1992-01-01,21581,MN
1993-01-01,21947,MN
1994-01-01,23242,MN
1995-01-01,24320,MN
1996-01-01,25932,MN
1997-01-01,27087,MN
1998-01-01,29187,MN
1999-01-01,30318,MN
2000-01-01,32447,MN
2001-01-01,33454,MN
2002-01-01,33932,MN
2003-01-01,35263,MN
2004-01-01,37205,MN
2005-01-01,38111,MN
2006-01-01,39754,MN
2007-01-01,41720,MN
2008-01-01,43104,MN
2009-01-01,41015,MN
2010-01-01,42606,MN
2011-01-01,45349,MN
2012-01-01,47859,MN
2013-01-01,47943,MN
2014-01-01,50258,MN
2015-01-01,52320,MN
2016-01-01,53215,MN
2017-01-01,54938,MN
2018-01-01,57566,MN
2019-01-01,59683,MN
1929-01-01,619,MO
1930-01-01,560,MO
1931-01-01,489,MO
1932-01-01,365,MO
1933-01-01,334,MO
1934-01-01,368,MO
1935-01-01,421,MO
1936-01-01,467,MO
1937-01-01,508,MO
1938-01-01,476,MO
1939-01-01,504,MO
1940-01-01,520,MO
1941-01-01,646,MO
1942-01-01,819,MO
1943-01-01,980,MO
1944-01-01,1083,MO
1945-01-01,1147,MO
1946-01-01,1200,MO
1947-01-01,1230,MO
1948-01-01,1378,MO
1949-01-01,1332,MO
1950-01-01,1438,MO
1951-01-01,1574,MO
1952-01-01,1682,MO
1953-01-01,1763,MO
1954-01-01,1756,MO
1955-01-01,1849,MO
1956-01-01,1937,MO
1957-01-01,1980,MO
1958-01-01,2109,MO
1959-01-01,2196,MO
1960-01-01,2226,MO
1961-01-01,2289,MO
1962-01-01,2407,MO
1963-01-01,2505,MO
1964-01-01,2616,MO
1965-01-01,2828,MO
1966-01-01,2993,MO
1967-01-01,3174,MO
1968-01-01,3492,MO
1969-01-01,3645,MO
1970-01-01,3945,MO
1971-01-01,4222,MO
1972-01-01,4562,MO
1973-01-01,5045,MO
1974-01-01,5386,MO
1975-01-01,5883,MO
1976-01-01,6409,MO
1977-01-01,7070,MO
1978-01-01,7828,MO
1979-01-01,8695,MO
1980-01-01,9370,MO
1981-01-01,10445,MO
1982-01-01,11174,MO
1983-01-01,11885,MO
1984-01-01,13103,MO
1985-01-01,13948,MO
1986-01-01,14616,MO
1987-01-01,15296,MO
1988-01-01,16162,MO
1989-01-01,17277,MO
1990-01-01,17920,MO
1991-01-01,18559,MO
1992-01-01,19578,MO
1993-01-01,20265,MO
1994-01-01,21296,MO
1995-01-01,22236,MO
1996-01-01,23321,MO
1997-01-01,24507,MO
1998-01-01,25564,MO
1999-01-01,26416,MO
2000-01-01,28001,MO
2001-01-01,28716,MO
2002-01-01,29193,MO
2003-01-01,30082,MO
2004-01-01,31456,MO
2005-01-01,32387,MO
2006-01-01,34024,MO
2007-01-01,35397,MO
2008-01-01,37054,MO
2009-01-01,36182,MO
2010-01-01,36823,MO
2011-01-01,38339,MO
2012-01-01,40131,MO
2013-01-01,40323,MO
2014-01-01,41775,MO
2015-01-01,43096,MO
2016-01-01,44336,MO
2017-01-01,45759,MO
2018-01-01,47784,MO
2019-01-01,49589,MO
1929-01-01,277,MS
1930-01-01,197,MS
1931-01-01,169,MS
1932-01-01,122,MS
1933-01-01,127,MS
1934-01-01,167,MS
1935-01-01,174,MS
1936-01-01,222,MS
1937-01-01,220,MS
1938-01-01,196,MS
1939-01-01,201,MS
1940-01-01,212,MS
1941-01-01,316,MS
1942-01-01,457,MS
1943-01-01,553,MS
1944-01-01,642,MS
1945-01-01,640,MS
1946-01-01,618,MS
1947-01-01,669,MS
1948-01-01,797,MS
1949-01-01,711,MS
1950-01-01,780,MS
1951-01-01,866,MS
1952-01-01,921,MS
1953-01-01,955,MS
1954-01-01,946,MS
1955-01-01,1069,MS
1956-01-01,1077,MS
1957-01-01,1088,MS
1958-01-01,1180,MS
1959-01-01,1275,MS
1960-01-01,1267,MS
1961-01-01,1359,MS
1962-01-01,1397,MS
1963-01-01,1534,MS
1964-01-01,1590,MS
1965-01-01,1722,MS
1966-01-01,1879,MS
1967-01-01,2048,MS
1968-01-01,2250,MS
1969-01-01,2496,MS
1970-01-01,2736,MS
1971-01-01,2974,MS
1972-01-01,3327,MS
1973-01-01,3736,MS
1974-01-01,4056,MS
1975-01-01,4360,MS
1976-01-01,4887,MS
1977-01-01,5375,MS
1978-01-01,5917,MS
1979-01-01,6633,MS
1980-01-01,7166,MS
1981-01-01,8008,MS
1982-01-01,8395,MS
1983-01-01,8744,MS
1984-01-01,9514,MS
1985-01-01,9976,MS
1986-01-01,10326,MS
1987-01-01,10942,MS
1988-01-01,11744,MS
1989-01-01,12717,MS
1990-01-01,13356,MS
1991-01-01,13964,MS
1992-01-01,14888,MS
1993-01-01,15667,MS
1994-01-01,16737,MS
1995-01-01,17488,MS
1996-01-01,18386,MS
1997-01-01,19221,MS
1998-01-01,20180,MS
1999-01-01,20684,MS
2000-01-01,21640,MS
2001-01-01,22781,MS
2002-01-01,23136,MS
2003-01-01,23989,MS
2004-01-01,25192,MS
2005-01-01,26703,MS
2006-01-01,27840,MS
2007-01-01,29368,MS
2008-01-01,30479,MS
2009-01-01,29855,MS
2010-01-01,30902,MS
2011-01-01,32160,MS
2012-01-01,33308,MS
2013-01-01,33853,MS
2014-01-01,34547,MS
2015-01-01,35025,MS
2016-01-01,35618,MS
2017-01-01,36389,MS
2018-01-01,37904,MS
2019-01-01,39368,MS
1929-01-01,592,MT
1930-01-01,501,MT
1931-01-01,387,MT
1932-01-01,334,MT
1933-01-01,299,MT
1934-01-01,365,MT
1935-01-01,475,MT
1936-01-01,478,MT
1937-01-01,514,MT
1938-01-01,515,MT
1939-01-01,530,MT
1940-01-01,566,MT
1941-01-01,708,MT
1942-01-01,901,MT
1943-01-01,1155,MT
1944-01-01,1185,MT
1945-01-01,1212,MT
1946-01-01,1309,MT
1947-01-01,1480,MT
1948-01-01,1638,MT
1949-01-01,1433,MT
1950-01-01,1678,MT
1951-01-01,1834,MT
1952-01-01,1855,MT
1953-01-01,1842,MT
1954-01-01,1807,MT
1955-01-01,1934,MT
1956-01-01,1971,MT
1957-01-01,2034,MT
1958-01-01,2124,MT
1959-01-01,2081,MT
1960-01-01,2137,MT
1961-01-01,2090,MT
1962-01-01,2437,MT
1963-01-01,2406,MT
1964-01-01,2447,MT
1965-01-01,2629,MT
1966-01-01,2814,MT
1967-01-01,2895,MT
1968-01-01,3040,MT
1969-01-01,3387,MT
1970-01-01,3735,MT
1971-01-01,3920,MT
1972-01-01,4492,MT
1973-01-01,5149,MT
1974-01-01,5521,MT
1975-01-01,5978,MT
1976-01-01,6337,MT
1977-01-01,6739,MT
1978-01-01,7768,MT
1979-01-01,8298,MT
1980-01-01,9142,MT
1981-01-01,10303,MT
1982-01-01,10741,MT
1983-01-01,11151,MT
1984-01-01,11698,MT
1985-01-01,11843,MT
1986-01-01,12443,MT
1987-01-01,12916,MT
1988-01-01,13356,MT
1989-01-01,14726,MT
1990-01-01,15469,MT
1991-01-01,16298,MT
1992-01-01,16971,MT
1993-01-01,17950,MT
1994-01-01,18095,MT
1995-01-01,18728,MT
1996-01-01,19411,MT
1997-01-01,20159,MT
1998-01-01,21494,MT
1999-01-01,21830,MT
2000-01-01,23094,MT
2001-01-01,23985,MT
2002-01-01,24526,MT
2003-01-01,26077,MT
2004-01-01,27922,MT
2005-01-01,29785,MT
2006-01-01,31912,MT
2007-01-01,33914,MT
2008-01-01,35253,MT
2009-01-01,34260,MT
2010-01-01,35896,MT
2011-01-01,38180,MT
2012-01-01,40319,MT
2013-01-01,40176,MT
2014-01-01,41901,MT
2015-01-01,43505,MT
2016-01-01,43722,MT
2017-01-01,45338,MT
2018-01-01,47611,MT
2019-01-01,49074,MT
1929-01-01,327,NC
1930-01-01,287,NC
1931-01-01,244,NC
1932-01-01,183,NC
1933-01-01,203,NC
1934-01-01,247,NC
1935-01-01,267,NC
1936-01-01,294,NC
1937-01-01,321,NC
1938-01-01,291,NC
1939-01-01,312,NC
1940-01-01,323,NC
1941-01-01,430,NC
1942-01-01,588,NC
1943-01-01,713,NC
1944-01-01,778,NC
1945-01-01,835,NC
1946-01-01,875,NC
1947-01-01,905,NC
1948-01-01,1008,NC
1949-01-01,978,NC
1950-01-01,1095,NC
1951-01-01,1217,NC
1952-01-01,1256,NC
1953-01-01,1304,NC
1954-01-01,1330,NC
1955-01-01,1404,NC
1956-01-01,1473,NC
1957-01-01,1462,NC
1958-01-01,1540,NC
1959-01-01,1619,NC
1960-01-01,1666,NC
1961-01-01,1729,NC
1962-01-01,1840,NC
1963-01-01,1921,NC
1964-01-01,2055,NC
1965-01-01,2194,NC
1966-01-01,2421,NC
1967-01-01,2588,NC
1968-01-01,2825,NC
1969-01-01,3152,NC
1970-01-01,3397,NC
1971-01-01,3626,NC
1972-01-01,4025,NC
1973-01-01,4491,NC
1974-01-01,4881,NC
1975-01-01,5229,NC
1976-01-01,5745,NC
1977-01-01,6211,NC
1978-01-01,6922,NC
1979-01-01,7568,NC
1980-01-01,8348,NC
1981-01-01,9317,NC
1982-01-01,9872,NC
1983-01-01,10637,NC
1984-01-01,11863,NC
1985-01-01,12635,NC
1986-01-01,13477,NC
1987-01-01,14349,NC
1988-01-01,15522,NC
1989-01-01,16708,NC
1990-01-01,17485,NC
1991-01-01,17967,NC
1992-01-01,19236,NC
1993-01-01,20085,NC
1994-01-01,20951,NC
1995-01-01,21987,NC
1996-01-01,23040,NC
1997-01-01,24251,NC
1998-01-01,25454,NC
1999-01-01,26262,NC
2000-01-01,27540,NC
2001-01-01,27878,NC
2002-01-01,27896,NC
2003-01-01,28688,NC
2004-01-01,30590,NC
2005-01-01,32283,NC
2006-01-01,34324,NC
2007-01-01,36138,NC
2008-01-01,37687,NC
2009-01-01,35802,NC
2010-01-01,35682,NC
2011-01-01,36764,NC
2012-01-01,38969,NC
2013-01-01,38201,NC
2014-01-01,40069,NC
2015-01-01,41857,NC
2016-01-01,42659,NC
2017-01-01,44192,NC
2018-01-01,46126,NC
2019-01-01,47803,NC
1929-01-01,377,ND
1930-01-01,308,ND
1931-01-01,195,ND
1932-01-01,178,ND
1933-01-01,151,ND
1934-01-01,184,ND
1935-01-01,271,ND
1936-01-01,238,ND
1937-01-01,324,ND
1938-01-01,282,ND
1939-01-01,316,ND
1940-01-01,352,ND
1941-01-01,521,ND
1942-01-01,658,ND
1943-01-01,959,ND
1944-01-01,1020,ND
1945-01-01,1037,ND
1946-01-01,1079,ND
1947-01-01,1467,ND
1948-01-01,1462,ND
1949-01-01,1231,ND
1950-01-01,1388,ND
1951-01-01,1480,ND
1952-01-01,1351,ND
1953-01-01,1372,ND
1954-01-01,1407,ND
1955-01-01,1544,ND
1956-01-01,1615,ND
1957-01-01,1662,ND
1958-01-01,1931,ND
1959-01-01,1757,ND
1960-01-01,1909,ND
1961-01-01,1730,ND
1962-01-01,2441,ND
1963-01-01,2249,ND
1964-01-01,2220,ND
1965-01-01,2584,ND
1966-01-01,2623,ND
1967-01-01,2714,ND
1968-01-01,2864,ND
1969-01-01,3205,ND
1970-01-01,3397,ND
1971-01-01,3868,ND
1972-01-01,4576,ND
1973-01-01,6383,ND
1974-01-01,6304,ND
1975-01-01,6549,ND
1976-01-01,6357,ND
1977-01-01,6564,ND
1978-01-01,8235,ND
1979-01-01,8445,ND
1980-01-01,8053,ND
1981-01-01,10462,ND
1982-01-01,11141,ND
1983-01-01,11573,ND
1984-01-01,12429,ND
1985-01-01,12912,ND
1986-01-01,13248,ND
1987-01-01,13814,ND
1988-01-01,12920,ND
1989-01-01,14671,ND
1990-01-01,16084,ND
1991-01-01,16340,ND
1992-01-01,17849,ND
1993-01-01,18009,ND
1994-01-01,19460,ND
1995-01-01,19404,ND
1996-01-01,21627,ND
1997-01-01,21196,ND
1998-01-01,23327,ND
1999-01-01,23793,ND
2000-01-01,25955,ND
2001-01-01,26544,ND
2002-01-01,27184,ND
2003-01-01,29529,ND
2004-01-01,29834,ND
2005-01-01,31546,ND
2006-01-01,32893,ND
2007-01-01,36283,ND
2008-01-01,40384,ND
2009-01-01,39643,ND
2010-01-01,43492,ND
2011-01-01,47987,ND
2012-01-01,55421,ND
2013-01-01,53821,ND
2014-01-01,56314,ND
2015-01-01,53842,ND
2016-01-01,52519,ND
2017-01-01,52686,ND
2018-01-01,55598,ND
2019-01-01,57501,ND
1929-01-01,584,NE
1930-01-01,510,NE
1931-01-01,409,NE
1932-01-01,303,NE
1933-01-01,273,NE
1934-01-01,264,NE
1935-01-01,405,NE
1936-01-01,395,NE
1937-01-01,414,NE
1938-01-01,402,NE
1939-01-01,399,NE
1940-01-01,440,NE
1941-01-01,548,NE
1942-01-01,823,NE
1943-01-01,1029,NE
1944-01-01,1101,NE
1945-01-01,1197,NE
1946-01-01,1187,NE
1947-01-01,1269,NE
1948-01-01,1545,NE
1949-01-01,1361,NE
1950-01-01,1583,NE
1951-01-01,1667,NE
1952-01-01,1797,NE
1953-01-01,1705,NE
1954-01-01,1793,NE
1955-01-01,1693,NE
1956-01-01,1718,NE
1957-01-01,1996,NE
1958-01-01,2108,NE
1959-01-01,2112,NE
1960-01-01,2216,NE
1961-01-01,2223,NE
1962-01-01,2386,NE
1963-01-01,2433,NE
1964-01-01,2491,NE
1965-01-01,2761,NE
1966-01-01,2995,NE
1967-01-01,3097,NE
1968-01-01,3282,NE
1969-01-01,3649,NE
1970-01-01,3897,NE
1971-01-01,4234,NE
1972-01-01,4645,NE
1973-01-01,5382,NE
1974-01-01,5570,NE
1975-01-01,6336,NE
1976-01-01,6597,NE
1977-01-01,7123,NE
1978-01-01,8208,NE
1979-01-01,8843,NE
1980-01-01,9386,NE
1981-01-01,10859,NE
1982-01-01,11646,NE
1983-01-01,12022,NE
1984-01-01,13354,NE
1985-01-01,14103,NE
1986-01-01,14609,NE
1987-01-01,15362,NE
1988-01-01,16371,NE
1989-01-01,17338,NE
1990-01-01,18487,NE
1991-01-01,18989,NE
1992-01-01,19984,NE
1993-01-01,20478,NE
1994-01-01,21617,NE
1995-01-01,22593,NE
1996-01-01,24371,NE
1997-01-01,24915,NE
1998-01-01,26454,NE
1999-01-01,27552,NE
2000-01-01,29020,NE
2001-01-01,30213,NE
2002-01-01,30532,NE
2003-01-01,32223,NE
2004-01-01,33499,NE
2005-01-01,34510,NE
2006-01-01,35869,NE
2007-01-01,38390,NE
2008-01-01,40225,NE
2009-01-01,39264,NE
2010-01-01,40920,NE
2011-01-01,45426,NE
2012-01-01,46562,NE
2013-01-01,46596,NE
2014-01-01,48953,NE
2015-01-01,50594,NE
2016-01-01,49711,NE
2017-01-01,50707,NE
2018-01-01,53364,NE
2019-01-01,54871,NE
1929-01-01,688,NH
1930-01-01,648,NH
1931-01-01,560,NH
1932-01-01,430,NH
1933-01-01,420,NH
1934-01-01,480,NH
1935-01-01,504,NH
1936-01-01,542,NH
1937-01-01,570,NH
1938-01-01,537,NH
1939-01-01,566,NH
1940-01-01,586,NH
1941-01-01,720,NH
1942-01-01,871,NH
1943-01-01,1002,NH
1944-01-01,1082,NH
1945-01-01,1139,NH
1946-01-01,1168,NH
1947-01-01,1233,NH
1948-01-01,1312,NH
1949-01-01,1297,NH
1950-01-01,1373,NH
1951-01-01,1538,NH
1952-01-01,1612,NH
1953-01-01,1692,NH
1954-01-01,1746,NH
1955-01-01,1869,NH
1956-01-01,1951,NH
1957-01-01,2065,NH
1958-01-01,2071,NH
1959-01-01,2198,NH
1960-01-01,2271,NH
1961-01-01,2356,NH
1962-01-01,2464,NH
1963-01-01,2503,NH
1964-01-01,2635,NH
1965-01-01,2787,NH
1966-01-01,3031,NH
1967-01-01,3235,NH
1968-01-01,3513,NH
1969-01-01,3842,NH
1970-01-01,3997,NH
1971-01-01,4225,NH
1972-01-01,4557,NH
1973-01-01,5005,NH
1974-01-01,5406,NH
1975-01-01,5786,NH
1976-01-01,6418,NH
1977-01-01,7050,NH
1978-01-01,7932,NH
1979-01-01,8896,NH
1980-01-01,10039,NH
1981-01-01,11229,NH
1982-01-01,12219,NH
1983-01-01,13269,NH
1984-01-01,14717,NH
1985-01-01,15894,NH
1986-01-01,17081,NH
1987-01-01,18365,NH
1988-01-01,19696,NH
1989-01-01,20685,NH
1990-01-01,20682,NH
1991-01-01,21436,NH
1992-01-01,22337,NH
1993-01-01,22831,NH
1994-01-01,24088,NH
1995-01-01,25228,NH
1996-01-01,26339,NH
1997-01-01,27975,NH
1998-01-01,30293,NH
1999-01-01,31882,NH
2000-01-01,35380,NH
2001-01-01,36792,NH
2002-01-01,37077,NH
2003-01-01,37536,NH
2004-01-01,39484,NH
2005-01-01,40723,NH
2006-01-01,43248,NH
2007-01-01,44670,NH
2008-01-01,45694,NH
2009-01-01,44892,NH
2010-01-01,46785,NH
2011-01-01,48924,NH
2012-01-01,50995,NH
2013-01-01,50746,NH
2014-01-01,52669,NH
2015-01-01,54785,NH
2016-01-01,56482,NH
2017-01-01,58439,NH
2018-01-01,61429,NH
2019-01-01,63880,NH
1929-01-01,921,NJ
1930-01-01,851,NJ
1931-01-01,741,NJ
1932-01-01,593,NJ
1933-01-01,529,NJ
1934-01-01,578,NJ
1935-01-01,631,NJ
1936-01-01,715,NJ
1937-01-01,753,NJ
1938-01-01,704,NJ
1939-01-01,757,NJ
1940-01-01,830,NJ
1941-01-01,969,NJ
1942-01-01,1185,NJ
1943-01-01,1454,NJ
1944-01-01,1576,NJ
1945-01-01,1609,NJ
1946-01-01,1547,NJ
1947-01-01,1589,NJ
1948-01-01,1667,NJ
1949-01-01,1639,NJ
1950-01-01,1820,NJ
1951-01-01,2024,NJ
1952-01-01,2144,NJ
1953-01-01,2262,NJ
1954-01-01,2246,NJ
1955-01-01,2322,NJ
1956-01-01,2469,NJ
1957-01-01,2575,NJ
1958-01-01,2480,NJ
1959-01-01,2611,NJ
1960-01-01,2712,NJ
1961-01-01,2777,NJ
1962-01-01,2936,NJ
1963-01-01,3008,NJ
1964-01-01,3163,NJ
1965-01-01,3344,NJ
1966-01-01,3577,NJ
1967-01-01,3810,NJ
1968-01-01,4135,NJ
1969-01-01,4581,NJ
1970-01-01,4909,NJ
1971-01-01,5229,NJ
1972-01-01,5642,NJ
1973-01-01,6143,NJ
1974-01-01,6673,NJ
1975-01-01,7203,NJ
1976-01-01,7817,NJ
1977-01-01,8554,NJ
1978-01-01,9475,NJ
1979-01-01,10493,NJ
1980-01-01,11801,NJ
1981-01-01,13131,NJ
1982-01-01,14142,NJ
1983-01-01,15190,NJ
1984-01-01,16708,NJ
1985-01-01,17788,NJ
1986-01-01,18902,NJ
1987-01-01,20251,NJ
1988-01-01,22120,NJ
1989-01-01,23692,NJ
1990-01-01,24754,NJ
1991-01-01,25072,NJ
1992-01-01,26713,NJ
1993-01-01,27374,NJ
1994-01-01,28110,NJ
1995-01-01,29588,NJ
1996-01-01,31052,NJ
1997-01-01,32804,NJ
1998-01-01,34660,NJ
1999-01-01,35989,NJ
2000-01-01,39257,NJ
2001-01-01,40306,NJ
2002-01-01,40626,NJ
2003-01-01,41425,NJ
2004-01-01,43208,NJ
2005-01-01,44775,NJ
2006-01-01,48015,NJ
2007-01-01,50723,NJ
2008-01-01,52005,NJ
2009-01-01,50149,NJ
2010-01-01,51420,NJ
2011-01-01,53694,NJ
2012-01-01,55587,NJ
2013-01-01,56054,NJ
2014-01-01,58670,NJ
2015-01-01,61130,NJ
2016-01-01,62727,NJ
2017-01-01,64946,NJ
2018-01-01,68409,NJ
2019-01-01,70979,NJ
1929-01-01,405,NM
1930-01-01,333,NM
1931-01-01,287,NM
1932-01-01,208,NM
1933-01-01,211,NM
1934-01-01,246,NM
1935-01-01,293,NM
1936-01-01,343,NM
1937-01-01,362,NM
1938-01-01,338,NM
1939-01-01,356,NM
1940-01-01,377,NM
1941-01-01,476,NM
1942-01-01,656,NM
1943-01-01,803,NM
1944-01-01,908,NM
1945-01-01,971,NM
1946-01-01,947,NM
1947-01-01,1026,NM
1948-01-01,1156,NM
1949-01-01,1188,NM
1950-01-01,1260,NM
1951-01-01,1410,NM
1952-01-01,1506,NM
1953-01-01,1536,NM
1954-01-01,1557,NM
1955-01-01,1641,NM
1956-01-01,1725,NM
1957-01-01,1842,NM
1958-01-01,1952,NM
1959-01-01,2022,NM
1960-01-01,2004,NM
1961-01-01,2073,NM
1962-01-01,2124,NM
1963-01-01,2174,NM
1964-01-01,2260,NM
1965-01-01,2383,NM
1966-01-01,2517,NM
1967-01-01,2620,NM
1968-01-01,2854,NM
1969-01-01,3109,NM
1970-01-01,3420,NM
1971-01-01,3677,NM
1972-01-01,4039,NM
1973-01-01,4421,NM
1974-01-01,4858,NM
1975-01-01,5391,NM
1976-01-01,5846,NM
1977-01-01,6382,NM
1978-01-01,7148,NM
1979-01-01,7878,NM
1980-01-01,8647,NM
1981-01-01,9604,NM
1982-01-01,10282,NM
1983-01-01,10819,NM
1984-01-01,11626,NM
1985-01-01,12392,NM
1986-01-01,12665,NM
1987-01-01,13059,NM
1988-01-01,13689,NM
1989-01-01,14532,NM
1990-01-01,15314,NM
1991-01-01,16034,NM
1992-01-01,16800,NM
1993-01-01,17616,NM
1994-01-01,18291,NM
1995-01-01,19223,NM
1996-01-01,19826,NM
1997-01-01,20576,NM
1998-01-01,21389,NM
1999-01-01,21722,NM
2000-01-01,23237,NM
2001-01-01,24738,NM
2002-01-01,25381,NM
2003-01-01,26203,NM
2004-01-01,27453,NM
2005-01-01,28898,NM
2006-01-01,30552,NM
2007-01-01,31867,NM
2008-01-01,33443,NM
2009-01-01,32729,NM
2010-01-01,33542,NM
2011-01-01,35002,NM
2012-01-01,35729,NM
2013-01-01,35087,NM
2014-01-01,37195,NM
2015-01-01,38278,NM
2016-01-01,38846,NM
2017-01-01,39551,NM
2018-01-01,41663,NM
2019-01-01,43984,NM
1929-01-01,874,NV
1930-01-01,834,NV
1931-01-01,665,NV
1932-01-01,557,NV
1933-01-01,499,NV
1934-01-01,560,NV
1935-01-01,667,NV
1936-01-01,845,NV
1937-01-01,775,NV
1938-01-01,785,NV
1939-01-01,864,NV
1940-01-01,902,NV
1941-01-01,1001,NV
1942-01-01,1592,NV
1943-01-01,1550,NV
1944-01-01,1526,NV
1945-01-01,1658,NV
1946-01-01,1786,NV
1947-01-01,1791,NV
1948-01-01,1811,NV
1949-01-01,1868,NV
1950-01-01,2089,NV
1951-01-01,2315,NV
1952-01-01,2513,NV
1953-01-01,2574,NV
1954-01-01,2542,NV
1955-01-01,2657,NV
1956-01-01,2634,NV
1957-01-01,2719,NV
1958-01-01,2780,NV
1959-01-01,2932,NV
1960-01-01,3079,NV
1961-01-01,3153,NV
1962-01-01,3369,NV
1963-01-01,3350,NV
1964-01-01,3388,NV
1965-01-01,3480,NV
1966-01-01,3656,NV
1967-01-01,3857,NV
1968-01-01,4340,NV
1969-01-01,4747,NV
1970-01-01,5191,NV
1971-01-01,5501,NV
1972-01-01,5847,NV
1973-01-01,6381,NV
1974-01-01,6746,NV
1975-01-01,7331,NV
1976-01-01,7994,NV
1977-01-01,8815,NV
1978-01-01,10045,NV
1979-01-01,10945,NV
1980-01-01,11951,NV
1981-01-01,12991,NV
1982-01-01,13343,NV
1983-01-01,13892,NV
1984-01-01,14760,NV
1985-01-01,15561,NV
1986-01-01,16305,NV
1987-01-01,17075,NV
1988-01-01,18458,NV
1989-01-01,19653,NV
1990-01-01,20516,NV
1991-01-01,21228,NV
1992-01-01,22554,NV
1993-01-01,23360,NV
1994-01-01,24335,NV
1995-01-01,25379,NV
1996-01-01,26667,NV
1997-01-01,27534,NV
1998-01-01,29291,NV
1999-01-01,30292,NV
2000-01-01,31871,NV
2001-01-01,32340,NV
2002-01-01,32030,NV
2003-01-01,32996,NV
2004-01-01,35163,NV
2005-01-01,38103,NV
2006-01-01,39793,NV
2007-01-01,40201,NV
2008-01-01,38734,NV
2009-01-01,36078,NV
2010-01-01,37228,NV
2011-01-01,38551,NV
2012-01-01,39659,NV
2013-01-01,39285,NV
2014-01-01,41505,NV
2015-01-01,44092,NV
2016-01-01,45001,NV
2017-01-01,46954,NV
2018-01-01,49290,NV
2019-01-01,50883,NV
1929-01-01,1156,NY
1930-01-01,1042,NY
1931-01-01,889,NY
1932-01-01,686,NY
1933-01-01,634,NY
1934-01-01,688,NY
1935-01-01,732,NY
1936-01-01,819,NY
1937-01-01,848,NY
1938-01-01,801,NY
1939-01-01,837,NY
1940-01-01,883,NY
1941-01-01,1012,NY
1942-01-01,1191,NY
1943-01-01,1416,NY
1944-01-01,1569,NY
1945-01-01,1681,NY
1946-01-01,1725,NY
1947-01-01,1751,NY
1948-01-01,1783,NY
1949-01-01,1738,NY
1950-01-01,1868,NY
1951-01-01,2020,NY
1952-01-01,2075,NY
1953-01-01,2160,NY
1954-01-01,2190,NY
1955-01-01,2310,NY
1956-01-01,2432,NY
1957-01-01,2542,NY
1958-01-01,2608,NY
1959-01-01,2750,NY
1960-01-01,2847,NY
1961-01-01,2936,NY
1962-01-01,3055,NY
1963-01-01,3160,NY
1964-01-01,3351,NY
1965-01-01,3531,NY
1966-01-01,3768,NY
1967-01-01,4044,NY
1968-01-01,4435,NY
1969-01-01,4619,NY
1970-01-01,4920,NY
1971-01-01,5234,NY
1972-01-01,5603,NY
1973-01-01,6022,NY
1974-01-01,6533,NY
1975-01-01,7066,NY
1976-01-01,7510,NY
1977-01-01,8158,NY
1978-01-01,8949,NY
1979-01-01,9831,NY
1980-01-01,11001,NY
1981-01-01,12277,NY
1982-01-01,13327,NY
1983-01-01,14286,NY
1984-01-01,15749,NY
1985-01-01,16815,NY
1986-01-01,17915,NY
1987-01-01,19064,NY
1988-01-01,20827,NY
1989-01-01,22461,NY
1990-01-01,23990,NY
1991-01-01,23868,NY
1992-01-01,25061,NY
1993-01-01,25581,NY
1994-01-01,26259,NY
1995-01-01,27576,NY
1996-01-01,28936,NY
1997-01-01,30443,NY
1998-01-01,32022,NY
1999-01-01,33673,NY
2000-01-01,36028,NY
2001-01-01,37194,NY
2002-01-01,37008,NY
2003-01-01,37459,NY
2004-01-01,39185,NY
2005-01-01,40905,NY
2006-01-01,44179,NY
2007-01-01,47520,NY
2008-01-01,48328,NY
2009-01-01,47277,NY
2010-01-01,48973,NY
2011-01-01,51496,NY
2012-01-01,53986,NY
2013-01-01,54501,NY
2014-01-01,56758,NY
2015-01-01,59162,NY
2016-01-01,61251,NY
2017-01-01,65648,NY
2018-01-01,68710,NY
2019-01-01,71440,NY
1929-01-01,772,OH
1930-01-01,664,OH
1931-01-01,563,OH
1932-01-01,403,OH
1933-01-01,387,OH
1934-01-01,457,OH
1935-01-01,519,OH
1936-01-01,597,OH
1937-01-01,651,OH
1938-01-01,565,OH
1939-01-01,620,OH
1940-01-01,664,OH
1941-01-01,828,OH
1942-01-01,1032,OH
1943-01-01,1273,OH
1944-01-01,1330,OH
1945-01-01,1361,OH
1946-01-01,1324,OH
1947-01-01,1411,OH
1948-01-01,1541,OH
1949-01-01,1456,OH
1950-01-01,1611,OH
1951-01-01,1841,OH
1952-01-01,1923,OH
1953-01-01,2031,OH
1954-01-01,1974,OH
1955-01-01,2098,OH
1956-01-01,2193,OH
1957-01-01,2256,OH
1958-01-01,2194,OH
1959-01-01,2331,OH
1960-01-01,2410,OH
1961-01-01,2426,OH
1962-01-01,2539,OH
1963-01-01,2630,OH
1964-01-01,2781,OH
1965-01-01,2970,OH
1966-01-01,3200,OH
1967-01-01,3325,OH
1968-01-01,3633,OH
1969-01-01,3957,OH
1970-01-01,4137,OH
1971-01-01,4376,OH
1972-01-01,4743,OH
1973-01-01,5252,OH
1974-01-01,5752,OH
1975-01-01,6143,OH
1976-01-01,6752,OH
1977-01-01,7464,OH
1978-01-01,8231,OH
1979-01-01,9088,OH
1980-01-01,9924,OH
1981-01-01,10813,OH
1982-01-01,11349,OH
1983-01-01,12026,OH
1984-01-01,13286,OH
1985-01-01,14106,OH
1986-01-01,14771,OH
1987-01-01,15436,OH
1988-01-01,16508,OH
1989-01-01,17703,OH
1990-01-01,18683,OH
1991-01-01,18973,OH
1992-01-01,20056,OH
1993-01-01,20752,OH
1994-01-01,21816,OH
1995-01-01,22771,OH
1996-01-01,23762,OH
1997-01-01,25078,OH
1998-01-01,26454,OH
1999-01-01,27277,OH
2000-01-01,28671,OH
2001-01-01,29378,OH
2002-01-01,29773,OH
2003-01-01,30574,OH
2004-01-01,31690,OH
2005-01-01,32577,OH
2006-01-01,34156,OH
2007-01-01,35520,OH
2008-01-01,36596,OH
2009-01-01,35532,OH
2010-01-01,36575,OH
2011-01-01,39067,OH
2012-01-01,40632,OH
2013-01-01,41098,OH
2014-01-01,42755,OH
2015-01-01,44341,OH
2016-01-01,45043,OH
2017-01-01,46669,OH
2018-01-01,48793,OH
2019-01-01,50546,OH
1929-01-01,449,OK
1930-01-01,365,OK
1931-01-01,294,OK
1932-01-01,214,OK
1933-01-01,220,OK
1934-01-01,250,OK
1935-01-01,296,OK
1936-01-01,322,OK
1937-01-01,375,OK
1938-01-01,345,OK
1939-01-01,348,OK
1940-01-01,374,OK
1941-01-01,436,OK
1942-01-01,639,OK
1943-01-01,802,OK
1944-01-01,965,OK
1945-01-01,989,OK
1946-01-01,960,OK
1947-01-01,1031,OK
1948-01-01,1144,OK
1949-01-01,1180,OK
1950-01-01,1164,OK
1951-01-01,1319,OK
1952-01-01,1438,OK
1953-01-01,1518,OK
1954-01-01,1504,OK
1955-01-01,1560,OK
1956-01-01,1642,OK
1957-01-01,1711,OK
1958-01-01,1856,OK
1959-01-01,1919,OK
1960-01-01,1974,OK
1961-01-01,2006,OK
1962-01-01,2054,OK
1963-01-01,2112,OK
1964-01-01,2256,OK
1965-01-01,2424,OK
1966-01-01,2585,OK
1967-01-01,2784,OK
1968-01-01,3032,OK
1969-01-01,3335,OK
1970-01-01,3634,OK
1971-01-01,3882,OK
1972-01-01,4197,OK
1973-01-01,4696,OK
1974-01-01,5153,OK
1975-01-01,5677,OK
1976-01-01,6145,OK
1977-01-01,6733,OK
1978-01-01,7517,OK
1979-01-01,8557,OK
1980-01-01,9629,OK
1981-01-01,11047,OK
1982-01-01,11907,OK
1983-01-01,11876,OK
1984-01-01,12761,OK
1985-01-01,13330,OK
1986-01-01,13491,OK
1987-01-01,13630,OK
1988-01-01,14405,OK
1989-01-01,15402,OK
1990-01-01,16235,OK
1991-01-01,16589,OK
1992-01-01,17399,OK
1993-01-01,17910,OK
1994-01-01,18537,OK
1995-01-01,19173,OK
1996-01-01,20126,OK
1997-01-01,21072,OK
1998-01-01,21992,OK
1999-01-01,22377,OK
2000-01-01,24096,OK
2001-01-01,25464,OK
2002-01-01,25853,OK
2003-01-01,26911,OK
2004-01-01,28862,OK
2005-01-01,31312,OK
2006-01-01,34355,OK
2007-01-01,35182,OK
2008-01-01,38568,OK
2009-01-01,35338,OK
2010-01-01,36541,OK
2011-01-01,39038,OK
2012-01-01,41467,OK
2013-01-01,43097,OK
2014-01-01,45542,OK
2015-01-01,44249,OK
2016-01-01,41876,OK
2017-01-01,43649,OK
2018-01-01,46267,OK
2019-01-01,47951,OK
1929-01-01,666,OR
1930-01-01,605,OR
1931-01-01,504,OR
1932-01-01,377,OR
1933-01-01,357,OR
1934-01-01,437,OR
1935-01-01,459,OR
1936-01-01,547,OR
1937-01-01,556,OR
1938-01-01,531,OR
1939-01-01,571,OR
1940-01-01,611,OR
1941-01-01,823,OR
1942-01-01,1132,OR
1943-01-01,1403,OR
1944-01-01,1402,OR
1945-01-01,1372,OR
1946-01-01,1390,OR
1947-01-01,1515,OR
1948-01-01,1676,OR
1949-01-01,1641,OR
1950-01-01,1695,OR
1951-01-01,1876,OR
1952-01-01,1961,OR
1953-01-01,1973,OR
1954-01-01,1929,OR
1955-01-01,2048,OR
1956-01-01,2146,OR
1957-01-01,2133,OR
1958-01-01,2182,OR
1959-01-01,2322,OR
1960-01-01,2366,OR
1961-01-01,2435,OR
1962-01-01,2542,OR
1963-01-01,2626,OR
1964-01-01,2773,OR
1965-01-01,2933,OR
1966-01-01,3107,OR
1967-01-01,3278,OR
1968-01-01,3524,OR
1969-01-01,3798,OR
1970-01-01,4065,OR
1971-01-01,4364,OR
1972-01-01,4788,OR
1973-01-01,5291,OR
1974-01-01,5889,OR
1975-01-01,6418,OR
1976-01-01,7091,OR
1977-01-01,7712,OR
1978-01-01,8592,OR
1979-01-01,9461,OR
1980-01-01,10234,OR
1981-01-01,10933,OR
1982-01-01,11260,OR
1983-01-01,12026,OR
1984-01-01,12970,OR
1985-01-01,13590,OR
1986-01-01,14243,OR
1987-01-01,14881,OR
1988-01-01,15969,OR
1989-01-01,17235,OR
1990-01-01,18159,OR
1991-01-01,18670,OR
1992-01-01,19546,OR
1993-01-01,20452,OR
1994-01-01,21475,OR
1995-01-01,22663,OR
1996-01-01,23974,OR
1997-01-01,25015,OR
1998-01-01,26063,OR
1999-01-01,26792,OR
2000-01-01,28561,OR
2001-01-01,29037,OR
2002-01-01,29019,OR
2003-01-01,29759,OR
2004-01-01,31238,OR
2005-01-01,32496,OR
2006-01-01,34909,OR
2007-01-01,36003,OR
2008-01-01,37067,OR
2009-01-01,35481,OR
2010-01-01,36122,OR
2011-01-01,37818,OR
2012-01-01,39602,OR
2013-01-01,40020,OR
2014-01-01,42493,OR
2015-01-01,45194,OR
2016-01-01,46514,OR
2017-01-01,48407,OR
2018-01-01,50951,OR
2019-01-01,52937,OR
1929-01-01,776,PA
1930-01-01,717,PA
1931-01-01,605,PA
1932-01-01,455,PA
1933-01-01,423,PA
1934-01-01,487,PA
1935-01-01,524,PA
1936-01-01,608,PA
1937-01-01,643,PA
1938-01-01,570,PA
1939-01-01,609,PA
1940-01-01,659,PA
1941-01-01,786,PA
1942-01-01,965,PA
1943-01-01,1169,PA
1944-01-01,1272,PA
1945-01-01,1305,PA
1946-01-01,1305,PA
1947-01-01,1378,PA
1948-01-01,1437,PA
1949-01-01,1403,PA
1950-01-01,1552,PA
1951-01-01,1719,PA
1952-01-01,1797,PA
1953-01-01,1903,PA
1954-01-01,1835,PA
1955-01-01,1923,PA
1956-01-01,2071,PA
1957-01-01,2184,PA
1958-01-01,2175,PA
1959-01-01,2247,PA
1960-01-01,2305,PA
1961-01-01,2342,PA
1962-01-01,2452,PA
1963-01-01,2530,PA
1964-01-01,2684,PA
1965-01-01,2854,PA
1966-01-01,3066,PA
1967-01-01,3279,PA
1968-01-01,3546,PA
1969-01-01,3862,PA
1970-01-01,4135,PA
1971-01-01,4362,PA
1972-01-01,4753,PA
1973-01-01,5219,PA
1974-01-01,5743,PA
1975-01-01,6259,PA
1976-01-01,6838,PA
1977-01-01,7505,PA
1978-01-01,8283,PA
1979-01-01,9155,PA
1980-01-01,10034,PA
1981-01-01,11088,PA
1982-01-01,11859,PA
1983-01-01,12433,PA
1984-01-01,13455,PA
1985-01-01,14308,PA
1986-01-01,15031,PA
1987-01-01,15885,PA
1988-01-01,17150,PA
1989-01-01,18543,PA
1990-01-01,19566,PA
1991-01-01,20244,PA
1992-01-01,21250,PA
1993-01-01,21930,PA
1994-01-01,22616,PA
1995-01-01,23583,PA
1996-01-01,24743,PA
1997-01-01,25967,PA
1998-01-01,27327,PA
1999-01-01,28451,PA
2000-01-01,30393,PA
2001-01-01,31551,PA
2002-01-01,32066,PA
2003-01-01,33043,PA
2004-01-01,34868,PA
2005-01-01,36301,PA
2006-01-01,38032,PA
2007-01-01,40219,PA
2008-01-01,41512,PA
2009-01-01,40390,PA
2010-01-01,42047,PA
2011-01-01,44205,PA
2012-01-01,46018,PA
2013-01-01,46412,PA
2014-01-01,48434,PA
2015-01-01,50382,PA
2016-01-01,51619,PA
2017-01-01,53155,PA
2018-01-01,56252,PA
2019-01-01,58775,PA
1929-01-01,881,RI
1930-01-01,795,RI
1931-01-01,718,RI
1932-01-01,584,RI
1933-01-01,569,RI
1934-01-01,609,RI
1935-01-01,655,RI
1936-01-01,721,RI
1937-01-01,742,RI
1938-01-01,683,RI
1939-01-01,732,RI
1940-01-01,767,RI
1941-01-01,958,RI
1942-01-01,1189,RI
1943-01-01,1246,RI
1944-01-01,1312,RI
1945-01-01,1318,RI
1946-01-01,1405,RI
1947-01-01,1488,RI
1948-01-01,1468,RI
1949-01-01,1414,RI
1950-01-01,1601,RI
1951-01-01,1779,RI
1952-01-01,1835,RI
1953-01-01,1930,RI
1954-01-01,1931,RI
1955-01-01,2040,RI
1956-01-01,2081,RI
1957-01-01,2110,RI
1958-01-01,2197,RI
1959-01-01,2317,RI
1960-01-01,2358,RI
1961-01-01,2457,RI
1962-01-01,2603,RI
1963-01-01,2703,RI
1964-01-01,2849,RI
1965-01-01,3049,RI
1966-01-01,3307,RI
1967-01-01,3546,RI
1968-01-01,3820,RI
1969-01-01,4015,RI
1970-01-01,4306,RI
1971-01-01,4499,RI
1972-01-01,4836,RI
1973-01-01,5158,RI
1974-01-01,5547,RI
1975-01-01,6068,RI
1976-01-01,6600,RI
1977-01-01,7187,RI
1978-01-01,7868,RI
1979-01-01,8742,RI
1980-01-01,9898,RI
1981-01-01,10980,RI
1982-01-01,11812,RI
1983-01-01,12741,RI
1984-01-01,13911,RI
1985-01-01,14876,RI
1986-01-01,15811,RI
1987-01-01,16721,RI
1988-01-01,18305,RI
1989-01-01,19839,RI
1990-01-01,20316,RI
1991-01-01,20419,RI
1992-01-01,21329,RI
1993-01-01,22180,RI
1994-01-01,22728,RI
1995-01-01,23918,RI
1996-01-01,24657,RI
1997-01-01,25975,RI
1998-01-01,27552,RI
1999-01-01,28596,RI
2000-01-01,30515,RI
2001-01-01,31910,RI
2002-01-01,32958,RI
2003-01-01,34512,RI
2004-01-01,36207,RI
2005-01-01,37220,RI
2006-01-01,39236,RI
2007-01-01,41042,RI
2008-01-01,41755,RI
2009-01-01,40766,RI
2010-01-01,42944,RI
2011-01-01,44670,RI
2012-01-01,46282,RI
2013-01-01,46226,RI
2014-01-01,48169,RI
2015-01-01,50058,RI
2016-01-01,50555,RI
2017-01-01,52419,RI
2018-01-01,54800,RI
2019-01-01,56542,RI
1929-01-01,267,SC
1930-01-01,239,SC
1931-01-01,203,SC
1932-01-01,156,SC
1933-01-01,172,SC
1934-01-01,207,SC
1935-01-01,228,SC
1936-01-01,256,SC
1937-01-01,271,SC
1938-01-01,248,SC
1939-01-01,275,SC
1940-01-01,314,SC
1941-01-01,415,SC
1942-01-01,580,SC
1943-01-01,675,SC
1944-01-01,753,SC
1945-01-01,772,SC
1946-01-01,791,SC
1947-01-01,803,SC
1948-01-01,926,SC
1949-01-01,885,SC
1950-01-01,943,SC
1951-01-01,1158,SC
1952-01-01,1238,SC
1953-01-01,1274,SC
1954-01-01,1210,SC
1955-01-01,1272,SC
1956-01-01,1306,SC
1957-01-01,1337,SC
1958-01-01,1368,SC
1959-01-01,1448,SC
1960-01-01,1493,SC
1961-01-01,1556,SC
1962-01-01,1658,SC
1963-01-01,1728,SC
1964-01-01,1845,SC
1965-01-01,2024,SC
1966-01-01,2251,SC
1967-01-01,2416,SC
1968-01-01,2656,SC
1969-01-01,2959,SC
1970-01-01,3225,SC
1971-01-01,3449,SC
1972-01-01,3792,SC
1973-01-01,4213,SC
1974-01-01,4655,SC
1975-01-01,4963,SC
1976-01-01,5472,SC
1977-01-01,5886,SC
1978-01-01,6537,SC
1979-01-01,7219,SC
1980-01-01,7965,SC
1981-01-01,8845,SC
1982-01-01,9320,SC
1983-01-01,10033,SC
1984-01-01,11059,SC
1985-01-01,11719,SC
1986-01-01,12377,SC
1987-01-01,13126,SC
1988-01-01,14137,SC
1989-01-01,15190,SC
1990-01-01,16109,SC
1991-01-01,16495,SC
1992-01-01,17316,SC
1993-01-01,17991,SC
1994-01-01,18867,SC
1995-01-01,19765,SC
1996-01-01,20755,SC
1997-01-01,21728,SC
1998-01-01,22947,SC
1999-01-01,23789,SC
2000-01-01,25152,SC
2001-01-01,25747,SC
2002-01-01,26179,SC
2003-01-01,26786,SC
2004-01-01,27906,SC
2005-01-01,29171,SC
2006-01-01,30892,SC
2007-01-01,32264,SC
2008-01-01,32962,SC
2009-01-01,31727,SC
2010-01-01,32458,SC
2011-01-01,34073,SC
2012-01-01,35570,SC
2013-01-01,35731,SC
2014-01-01,37624,SC
2015-01-01,39499,SC
2016-01-01,40406,SC
2017-01-01,42081,SC
2018-01-01,43702,SC
2019-01-01,45314,SC
1929-01-01,415,SD
1930-01-01,357,SD
1931-01-01,242,SD
1932-01-01,189,SD
1933-01-01,136,SD
1934-01-01,190,SD
1935-01-01,305,SD
1936-01-01,248,SD
1937-01-01,321,SD
1938-01-01,317,SD
1939-01-01,341,SD
1940-01-01,357,SD
1941-01-01,470,SD
1942-01-01,755,SD
1943-01-01,853,SD
1944-01-01,976,SD
1945-01-01,1083,SD
1946-01-01,1121,SD
1947-01-01,1254,SD
1948-01-01,1503,SD
1949-01-01,1121,SD
1950-01-01,1298,SD
1951-01-01,1520,SD
1952-01-01,1357,SD
1953-01-01,1483,SD
1954-01-01,1509,SD
1955-01-01,1391,SD
1956-01-01,1474,SD
1957-01-01,1737,SD
1958-01-01,1811,SD
1959-01-01,1621,SD
1960-01-01,1940,SD
1961-01-01,1924,SD
1962-01-01,2154,SD
1963-01-01,2081,SD
1964-01-01,2062,SD
1965-01-01,2350,SD
1966-01-01,2574,SD
1967-01-01,2662,SD
1968-01-01,2861,SD
1969-01-01,3108,SD
1970-01-01,3386,SD
1971-01-01,3684,SD
1972-01-01,4215,SD
1973-01-01,5310,SD
1974-01-01,5313,SD
1975-01-01,5829,SD
1976-01-01,5726,SD
1977-01-01,6477,SD
1978-01-01,7460,SD
1979-01-01,8222,SD
1980-01-01,8269,SD
1981-01-01,9646,SD
1982-01-01,10151,SD
1983-01-01,10491,SD
1984-01-01,11864,SD
1985-01-01,12143,SD
1986-01-01,12711,SD
1987-01-01,13413,SD
1988-01-01,13962,SD
1989-01-01,15060,SD
1990-01-01,16475,SD
1991-01-01,17006,SD
1992-01-01,18156,SD
1993-01-01,18737,SD
1994-01-01,19962,SD
1995-01-01,20169,SD
1996-01-01,22157,SD
1997-01-01,22582,SD
1998-01-01,24328,SD
1999-01-01,25327,SD
2000-01-01,26832,SD
2001-01-01,27637,SD
2002-01-01,27552,SD
2003-01-01,29972,SD
2004-01-01,31904,SD
2005-01-01,33672,SD
2006-01-01,35177,SD
2007-01-01,38661,SD
2008-01-01,40909,SD
2009-01-01,39395,SD
2010-01-01,41163,SD
2011-01-01,44612,SD
2012-01-01,45179,SD
2013-01-01,45243,SD
2014-01-01,46957,SD
2015-01-01,48652,SD
2016-01-01,48621,SD
2017-01-01,49577,SD
2018-01-01,52426,SD
2019-01-01,53925,SD
1929-01-01,373,TN
1930-01-01,321,TN
1931-01-01,273,TN
1932-01-01,194,TN
1933-01-01,201,TN
1934-01-01,242,TN
1935-01-01,263,TN
1936-01-01,303,TN
1937-01-01,332,TN
1938-01-01,298,TN
1939-01-01,310,TN
1940-01-01,339,TN
1941-01-01,441,TN
1942-01-01,570,TN
1943-01-01,745,TN
1944-01-01,879,TN
1945-01-01,926,TN
1946-01-01,880,TN
1947-01-01,896,TN
1948-01-01,970,TN
1949-01-01,959,TN
1950-01-01,1040,TN
1951-01-01,1140,TN
1952-01-01,1200,TN
1953-01-01,1300,TN
1954-01-01,1300,TN
1955-01-01,1351,TN
1956-01-01,1448,TN
1957-01-01,1507,TN
1958-01-01,1553,TN
1959-01-01,1640,TN
1960-01-01,1659,TN
1961-01-01,1733,TN
1962-01-01,1815,TN
1963-01-01,1902,TN
1964-01-01,2016,TN
1965-01-01,2182,TN
1966-01-01,2387,TN
1967-01-01,2532,TN
1968-01-01,2809,TN
1969-01-01,3032,TN
1970-01-01,3264,TN
1971-01-01,3538,TN
1972-01-01,3906,TN
1973-01-01,4384,TN
1974-01-01,4778,TN
1975-01-01,5138,TN
1976-01-01,5664,TN
1977-01-01,6174,TN
1978-01-01,6943,TN
1979-01-01,7620,TN
1980-01-01,8277,TN
1981-01-01,9159,TN
1982-01-01,9696,TN
1983-01-01,10313,TN
1984-01-01,11411,TN
1985-01-01,12132,TN
1986-01-01,12918,TN
1987-01-01,13787,TN
1988-01-01,14857,TN
1989-01-01,15847,TN
1990-01-01,16709,TN
1991-01-01,17318,TN
1992-01-01,18625,TN
1993-01-01,19482,TN
1994-01-01,20357,TN
1995-01-01,21469,TN
1996-01-01,22301,TN
1997-01-01,23267,TN
1998-01-01,25141,TN
1999-01-01,25815,TN
2000-01-01,27073,TN
2001-01-01,27537,TN
2002-01-01,28096,TN
2003-01-01,28977,TN
2004-01-01,30365,TN
2005-01-01,31370,TN
2006-01-01,32897,TN
2007-01-01,33998,TN
2008-01-01,34830,TN
2009-01-01,34260,TN
2010-01-01,35653,TN
2011-01-01,37616,TN
2012-01-01,39296,TN
2013-01-01,39421,TN
2014-01-01,40799,TN
2015-01-01,42590,TN
2016-01-01,43720,TN
2017-01-01,44950,TN
2018-01-01,46889,TN
2019-01-01,48761,TN
1929-01-01,474,TX
1930-01-01,407,TX
1931-01-01,345,TX
1932-01-01,262,TX
1933-01-01,254,TX
1934-01-01,291,TX
1935-01-01,325,TX
1936-01-01,372,TX
1937-01-01,418,TX
1938-01-01,404,TX
1939-01-01,417,TX
1940-01-01,438,TX
1941-01-01,539,TX
1942-01-01,742,TX
1943-01-01,970,TX
1944-01-01,1068,TX
1945-01-01,1082,TX
1946-01-01,1061,TX
1947-01-01,1154,TX
1948-01-01,1221,TX
1949-01-01,1319,TX
1950-01-01,1392,TX
1951-01-01,1524,TX
1952-01-01,1606,TX
1953-01-01,1641,TX
1954-01-01,1681,TX
1955-01-01,1752,TX
1956-01-01,1837,TX
1957-01-01,1913,TX
1958-01-01,1934,TX
1959-01-01,2013,TX
1960-01-01,2020,TX
1961-01-01,2092,TX
1962-01-01,2147,TX
1963-01-01,2219,TX
1964-01-01,2354,TX
1965-01-01,2507,TX
1966-01-01,2713,TX
1967-01-01,2934,TX
1968-01-01,3203,TX
1969-01-01,3493,TX
1970-01-01,3782,TX
1971-01-01,4007,TX
1972-01-01,4352,TX
1973-01-01,4835,TX
1974-01-01,5342,TX
1975-01-01,5947,TX
1976-01-01,6528,TX
1977-01-01,7124,TX
1978-01-01,8023,TX
1979-01-01,8978,TX
1980-01-01,9983,TX
1981-01-01,11413,TX
1982-01-01,12102,TX
1983-01-01,12575,TX
1984-01-01,13546,TX
1985-01-01,14353,TX
1986-01-01,14427,TX
1987-01-01,14653,TX
1988-01-01,15494,TX
1989-01-01,16417,TX
1990-01-01,17455,TX
1991-01-01,17897,TX
1992-01-01,18956,TX
1993-01-01,19624,TX
1994-01-01,20287,TX
1995-01-01,21246,TX
1996-01-01,22397,TX
1997-01-01,23919,TX
1998-01-01,25502,TX
1999-01-01,26337,TX
2000-01-01,28135,TX
2001-01-01,29339,TX
2002-01-01,29185,TX
2003-01-01,29772,TX
2004-01-01,30688,TX
2005-01-01,32745,TX
2006-01-01,35144,TX
2007-01-01,36646,TX
2008-01-01,39271,TX
2009-01-01,36711,TX
2010-01-01,38276,TX
2011-01-01,41245,TX
2012-01-01,43406,TX
2013-01-01,43797,TX
2014-01-01,46311,TX
2015-01-01,46605,TX
2016-01-01,45654,TX
2017-01-01,47975,TX
2018-01-01,50483,TX
2019-01-01,52504,TX
1929-01-01,548,UT
1930-01-01,494,UT
1931-01-01,372,UT
1932-01-01,304,UT
1933-01-01,297,UT
1934-01-01,314,UT
1935-01-01,391,UT
1936-01-01,463,UT
1937-01-01,447,UT
1938-01-01,446,UT
1939-01-01,460,UT
1940-01-01,484,UT
1941-01-01,600,UT
1942-01-01,907,UT
1943-01-01,1164,UT
1944-01-01,1078,UT
1945-01-01,1153,UT
1946-01-01,1121,UT
1947-01-01,1196,UT
1948-01-01,1287,UT
1949-01-01,1295,UT
1950-01-01,1391,UT
1951-01-01,1600,UT
1952-01-01,1657,UT
1953-01-01,1667,UT
1954-01-01,1640,UT
1955-01-01,1738,UT
1956-01-01,1835,UT
1957-01-01,1950,UT
1958-01-01,1973,UT
1959-01-01,2054,UT
1960-01-01,2122,UT
1961-01-01,2187,UT
1962-01-01,2326,UT
1963-01-01,2377,UT
1964-01-01,2492,UT
1965-01-01,2599,UT
1966-01-01,2727,UT
1967-01-01,2849,UT
1968-01-01,3024,UT
1969-01-01,3254,UT
1970-01-01,3558,UT
1971-01-01,3855,UT
1972-01-01,4179,UT
1973-01-01,4520,UT
1974-01-01,4930,UT
1975-01-01,5341,UT
1976-01-01,5866,UT
1977-01-01,6412,UT
1978-01-01,7119,UT
1979-01-01,7748,UT
1980-01-01,8366,UT
1981-01-01,9167,UT
1982-01-01,9669,UT
1983-01-01,10116,UT
1984-01-01,10984,UT
1985-01-01,11607,UT
1986-01-01,12053,UT
1987-01-01,12511,UT
1988-01-01,13218,UT
1989-01-01,14050,UT
1990-01-01,15010,UT
1991-01-01,15656,UT
1992-01-01,16401,UT
1993-01-01,17115,UT
1994-01-01,17933,UT
1995-01-01,19019,UT
1996-01-01,20183,UT
1997-01-01,21288,UT
1998-01-01,22284,UT
1999-01-01,23078,UT
2000-01-01,24266,UT
2001-01-01,24930,UT
2002-01-01,25208,UT
2003-01-01,25739,UT
2004-01-01,26984,UT
2005-01-01,28832,UT
2006-01-01,31306,UT
2007-01-01,33123,UT
2008-01-01,33857,UT
2009-01-01,31833,UT
2010-01-01,32156,UT
2011-01-01,34198,UT
2012-01-01,36140,UT
2013-01-01,36729,UT
2014-01-01,38524,UT
2015-01-01,40876,UT
2016-01-01,42385,UT
2017-01-01,44032,UT
2018-01-01,46431,UT
2019-01-01,48395,UT
1929-01-01,435,VA
1930-01-01,387,VA
1931-01-01,371,VA
1932-01-01,286,VA
1933-01-01,286,VA
1934-01-01,323,VA
1935-01-01,354,VA
1936-01-01,394,VA
1937-01-01,426,VA
1938-01-01,394,VA
1939-01-01,431,VA
1940-01-01,480,VA
1941-01-01,614,VA
1942-01-01,847,VA
1943-01-01,887,VA
1944-01-01,938,VA
1945-01-01,987,VA
1946-01-01,1050,VA
1947-01-01,1052,VA
1948-01-01,1202,VA
1949-01-01,1185,VA
1950-01-01,1327,VA
1951-01-01,1512,VA
1952-01-01,1615,VA
1953-01-01,1647,VA
1954-01-01,1677,VA
1955-01-01,1754,VA
1956-01-01,1829,VA
1957-01-01,1868,VA
1958-01-01,1895,VA
1959-01-01,2006,VA
1960-01-01,2050,VA
1961-01-01,2126,VA
1962-01-01,2248,VA
1963-01-01,2364,VA
1964-01-01,2559,VA
1965-01-01,2729,VA
1966-01-01,2923,VA
1967-01-01,3161,VA
1968-01-01,3459,VA
1969-01-01,3868,VA
1970-01-01,4157,VA
1971-01-01,4505,VA
1972-01-01,4922,VA
1973-01-01,5424,VA
1974-01-01,5924,VA
1975-01-01,6404,VA
1976-01-01,6969,VA
1977-01-01,7613,VA
1978-01-01,8514,VA
1979-01-01,9425,VA
1980-01-01,10567,VA
1981-01-01,11700,VA
1982-01-01,12535,VA
1983-01-01,13341,VA
1984-01-01,14642,VA
1985-01-01,15627,VA
1986-01-01,16577,VA
1987-01-01,17542,VA
1988-01-01,18870,VA
1989-01-01,20136,VA
1990-01-01,20840,VA
1991-01-01,21431,VA
1992-01-01,22398,VA
1993-01-01,23192,VA
1994-01-01,24098,VA
1995-01-01,25035,VA
1996-01-01,25973,VA
1997-01-01,27360,VA
1998-01-01,28992,VA
1999-01-01,30615,VA
2000-01-01,32693,VA
2001-01-01,33954,VA
2002-01-01,34455,VA
2003-01-01,36139,VA
2004-01-01,38164,VA
2005-01-01,40259,VA
2006-01-01,42494,VA
2007-01-01,44272,VA
2008-01-01,45437,VA
2009-01-01,44122,VA
2010-01-01,45495,VA
2011-01-01,47771,VA
2012-01-01,49586,VA
2013-01-01,48858,VA
2014-01-01,50761,VA
2015-01-01,52899,VA
2016-01-01,53611,VA
2017-01-01,55317,VA
2018-01-01,57910,VA
2019-01-01,60116,VA
1929-01-01,630,VT
1930-01-01,572,VT
1931-01-01,471,VT
1932-01-01,363,VT
1933-01-01,337,VT
1934-01-01,381,VT
1935-01-01,415,VT
1936-01-01,470,VT
1937-01-01,485,VT
1938-01-01,458,VT
1939-01-01,492,VT
1940-01-01,519,VT
1941-01-01,650,VT
1942-01-01,783,VT
1943-01-01,947,VT
1944-01-01,963,VT
1945-01-01,1047,VT
1946-01-01,1096,VT
1947-01-01,1132,VT
1948-01-01,1220,VT
1949-01-01,1147,VT
1950-01-01,1189,VT
1951-01-01,1364,VT
1952-01-01,1410,VT
1953-01-01,1463,VT
1954-01-01,1491,VT
1955-01-01,1560,VT
1956-01-01,1697,VT
1957-01-01,1764,VT
1958-01-01,1780,VT
1959-01-01,1879,VT
1960-01-01,1975,VT
1961-01-01,2053,VT
1962-01-01,2139,VT
1963-01-01,2195,VT
1964-01-01,2340,VT
1965-01-01,2530,VT
1966-01-01,2808,VT
1967-01-01,2969,VT
1968-01-01,3215,VT
1969-01-01,3468,VT
1970-01-01,3728,VT
1971-01-01,3967,VT
1972-01-01,4294,VT
1973-01-01,4661,VT
1974-01-01,4996,VT
1975-01-01,5401,VT
1976-01-01,5928,VT
1977-01-01,6339,VT
1978-01-01,7171,VT
1979-01-01,7940,VT
1980-01-01,8790,VT
1981-01-01,9832,VT
1982-01-01,10600,VT
1983-01-01,11289,VT
1984-01-01,12335,VT
1985-01-01,13284,VT
1986-01-01,14182,VT
1987-01-01,15210,VT
1988-01-01,16328,VT
1989-01-01,17782,VT
1990-01-01,18233,VT
1991-01-01,18465,VT
1992-01-01,19627,VT
1993-01-01,20218,VT
1994-01-01,20977,VT
1995-01-01,21885,VT
1996-01-01,22883,VT
1997-01-01,23999,VT
1998-01-01,25667,VT
1999-01-01,27112,VT
2000-01-01,29109,VT
2001-01-01,30744,VT
2002-01-01,31241,VT
2003-01-01,32344,VT
2004-01-01,34113,VT
2005-01-01,34975,VT
2006-01-01,37099,VT
2007-01-01,39006,VT
2008-01-01,40904,VT
2009-01-01,40275,VT
2010-01-01,41444,VT
2011-01-01,43785,VT
2012-01-01,45354,VT
2013-01-01,45941,VT
2014-01-01,47802,VT
2015-01-01,49581,VT
2016-01-01,50795,VT
2017-01-01,51992,VT
2018-01-01,54342,VT
2019-01-01,56691,VT
1929-01-01,740,WA
1930-01-01,657,WA
1931-01-01,534,WA
1932-01-01,402,WA
1933-01-01,376,WA
1934-01-01,442,WA
1935-01-01,491,WA
1936-01-01,570,WA
1937-01-01,601,WA
1938-01-01,583,WA
1939-01-01,618,WA
1940-01-01,667,WA
1941-01-01,885,WA
1942-01-01,1233,WA
1943-01-01,1507,WA
1944-01-01,1557,WA
1945-01-01,1452,WA
1946-01-01,1432,WA
1947-01-01,1531,WA
1948-01-01,1678,WA
1949-01-01,1656,WA
1950-01-01,1797,WA
1951-01-01,1955,WA
1952-01-01,2063,WA
1953-01-01,2168,WA
1954-01-01,2183,WA
1955-01-01,2222,WA
1956-01-01,2277,WA
1957-01-01,2371,WA
1958-01-01,2376,WA
1959-01-01,2480,WA
1960-01-01,2539,WA
1961-01-01,2640,WA
1962-01-01,2788,WA
1963-01-01,2841,WA
1964-01-01,2968,WA
1965-01-01,3190,WA
1966-01-01,3498,WA
1967-01-01,3689,WA
1968-01-01,3986,WA
1969-01-01,4258,WA
1970-01-01,4400,WA
1971-01-01,4595,WA
1972-01-01,4955,WA
1973-01-01,5532,WA
1974-01-01,6152,WA
1975-01-01,6831,WA
1976-01-01,7424,WA
1977-01-01,8062,WA
1978-01-01,9101,WA
1979-01-01,10156,WA
1980-01-01,11130,WA
1981-01-01,12133,WA
1982-01-01,12769,WA
1983-01-01,13553,WA
1984-01-01,14373,WA
1985-01-01,15085,WA
1986-01-01,15917,WA
1987-01-01,16556,WA
1988-01-01,17613,WA
1989-01-01,19028,WA
1990-01-01,20222,WA
1991-01-01,21129,WA
1992-01-01,22237,WA
1993-01-01,22860,WA
1994-01-01,23600,WA
1995-01-01,24475,WA
1996-01-01,25898,WA
1997-01-01,27405,WA
1998-01-01,29531,WA
1999-01-01,31141,WA
2000-01-01,32909,WA
2001-01-01,33280,WA
2002-01-01,33478,WA
2003-01-01,34543,WA
2004-01-01,36636,WA
2005-01-01,37688,WA
2006-01-01,40359,WA
2007-01-01,43130,WA
2008-01-01,44558,WA
2009-01-01,41958,WA
2010-01-01,42676,WA
2011-01-01,44676,WA
2012-01-01,47739,WA
2013-01-01,48296,WA
2014-01-01,51502,WA
2015-01-01,53840,WA
2016-01-01,55883,WA
2017-01-01,58566,WA
2018-01-01,62122,WA
2019-01-01,64898,WA
1929-01-01,670,WI
1930-01-01,585,WI
1931-01-01,469,WI
1932-01-01,362,WI
1933-01-01,334,WI
1934-01-01,380,WI
1935-01-01,461,WI
1936-01-01,518,WI
1937-01-01,551,WI
1938-01-01,508,WI
1939-01-01,515,WI
1940-01-01,548,WI
1941-01-01,673,WI
1942-01-01,872,WI
1943-01-01,1065,WI
1944-01-01,1116,WI
1945-01-01,1191,WI
1946-01-01,1214,WI
1947-01-01,1298,WI
1948-01-01,1436,WI
1949-01-01,1391,WI
1950-01-01,1515,WI
1951-01-01,1750,WI
1952-01-01,1814,WI
1953-01-01,1850,WI
1954-01-01,1786,WI
1955-01-01,1891,WI
1956-01-01,2007,WI
1957-01-01,2078,WI
1958-01-01,2089,WI
1959-01-01,2237,WI
1960-01-01,2270,WI
1961-01-01,2315,WI
1962-01-01,2423,WI
1963-01-01,2465,WI
1964-01-01,2619,WI
1965-01-01,2788,WI
1966-01-01,3016,WI
1967-01-01,3161,WI
1968-01-01,3428,WI
1969-01-01,3752,WI
1970-01-01,3988,WI
1971-01-01,4251,WI
1972-01-01,4609,WI
1973-01-01,5125,WI
1974-01-01,5605,WI
1975-01-01,6099,WI
1976-01-01,6676,WI
1977-01-01,7416,WI
1978-01-01,8249,WI
1979-01-01,9172,WI
1980-01-01,10034,WI
1981-01-01,10920,WI
1982-01-01,11517,WI
1983-01-01,12114,WI
1984-01-01,13285,WI
1985-01-01,13960,WI
1986-01-01,14702,WI
1987-01-01,15445,WI
1988-01-01,16269,WI
1989-01-01,17612,WI
1990-01-01,18438,WI
1991-01-01,18936,WI
1992-01-01,20179,WI
1993-01-01,20986,WI
1994-01-01,22088,WI
1995-01-01,23015,WI
1996-01-01,24129,WI
1997-01-01,25429,WI
1998-01-01,27054,WI
1999-01-01,28020,WI
2000-01-01,29648,WI
2001-01-01,30911,WI
2002-01-01,31510,WI
2003-01-01,32172,WI
2004-01-01,33421,WI
2005-01-01,34434,WI
2006-01-01,36332,WI
2007-01-01,37778,WI
2008-01-01,38910,WI
2009-01-01,38070,WI
2010-01-01,38997,WI
2011-01-01,41174,WI
2012-01-01,43034,WI
2013-01-01,43186,WI
2014-01-01,44943,WI
2015-01-01,46685,WI
2016-01-01,47553,WI
2017-01-01,49305,WI
2018-01-01,51647,WI
2019-01-01,53583,WI
1929-01-01,459,WV
1930-01-01,407,WV
1931-01-01,354,WV
1932-01-01,257,WV
1933-01-01,259,WV
1934-01-01,313,WV
1935-01-01,338,WV
1936-01-01,391,WV
1937-01-01,419,WV
1938-01-01,371,WV
1939-01-01,390,WV
1940-01-01,409,WV
1941-01-01,500,WV
1942-01-01,617,WV
1943-01-01,748,WV
1944-01-01,829,WV
1945-01-01,900,WV
1946-01-01,931,WV
1947-01-01,1036,WV
1948-01-01,1105,WV
1949-01-01,1016,WV
1950-01-01,1051,WV
1951-01-01,1179,WV
1952-01-01,1244,WV
1953-01-01,1273,WV
1954-01-01,1223,WV
1955-01-01,1318,WV
1956-01-01,1478,WV
1957-01-01,1597,WV
1958-01-01,1587,WV
1959-01-01,1633,WV
1960-01-01,1660,WV
1961-01-01,1705,WV
1962-01-01,1800,WV
1963-01-01,1893,WV
1964-01-01,2019,WV
1965-01-01,2171,WV
1966-01-01,2318,WV
1967-01-01,2465,WV
1968-01-01,2622,WV
1969-01-01,2832,WV
1970-01-01,3156,WV
1971-01-01,3418,WV
1972-01-01,3729,WV
1973-01-01,4062,WV
1974-01-01,4481,WV
1975-01-01,4991,WV
1976-01-01,5455,WV
1977-01-01,6012,WV
1978-01-01,6641,WV
1979-01-01,7335,WV
1980-01-01,8011,WV
1981-01-01,8726,WV
1982-01-01,9268,WV
1983-01-01,9537,WV
1984-01-01,10344,WV
1985-01-01,10890,WV
1986-01-01,11295,WV
1987-01-01,11728,WV
1988-01-01,12697,WV
1989-01-01,13618,WV
1990-01-01,14608,WV
1991-01-01,15182,WV
1992-01-01,16277,WV
1993-01-01,16780,WV
1994-01-01,17480,WV
1995-01-01,18037,WV
1996-01-01,18767,WV
1997-01-01,19587,WV
1998-01-01,20453,WV
1999-01-01,21057,WV
2000-01-01,22331,WV
2001-01-01,23749,WV
2002-01-01,24504,WV
2003-01-01,24759,WV
2004-01-01,25587,WV
2005-01-01,26839,WV
2006-01-01,28554,WV
2007-01-01,29513,WV
2008-01-01,31258,WV
2009-01-01,31361,WV
2010-01-01,32319,WV
2011-01-01,34127,WV
2012-01-01,35116,WV
2013-01-01,34945,WV
2014-01-01,36152,WV
2015-01-01,36914,WV
2016-01-01,36929,WV
2017-01-01,38645,WV
2018-01-01,40907,WV
2019-01-01,42336,WV
1929-01-01,672,WY
1930-01-01,582,WY
1931-01-01,477,WY
1932-01-01,375,WY
1933-01-01,372,WY
1934-01-01,414,WY
1935-01-01,498,WY
1936-01-01,552,WY
1937-01-01,606,WY
1938-01-01,560,WY
1939-01-01,586,WY
1940-01-01,602,WY
1941-01-01,793,WY
1942-01-01,974,WY
1943-01-01,1171,WY
1944-01-01,1243,WY
1945-01-01,1274,WY
1946-01-01,1365,WY
1947-01-01,1511,WY
1948-01-01,1635,WY
1949-01-01,1702,WY
1950-01-01,1792,WY
1951-01-01,2023,WY
1952-01-01,1986,WY
1953-01-01,2005,WY
1954-01-01,1935,WY
1955-01-01,2006,WY
1956-01-01,2115,WY
1957-01-01,2234,WY
1958-01-01,2257,WY
1959-01-01,2352,WY
1960-01-01,2382,WY
1961-01-01,2461,WY
1962-01-01,2580,WY
1963-01-01,2616,WY
1964-01-01,2673,WY
1965-01-01,2818,WY
1966-01-01,2967,WY
1967-01-01,3184,WY
1968-01-01,3375,WY
1969-01-01,3704,WY
1970-01-01,4038,WY
1971-01-01,4404,WY
1972-01-01,4856,WY
1973-01-01,5571,WY
1974-01-01,6317,WY
1975-01-01,6853,WY
1976-01-01,7309,WY
1977-01-01,8203,WY
1978-01-01,9361,WY
1979-01-01,10437,WY
1980-01-01,11612,WY
1981-01-01,12812,WY
1982-01-01,13066,WY
1983-01-01,12870,WY
1984-01-01,13581,WY
1985-01-01,14330,WY
1986-01-01,14387,WY
1987-01-01,14392,WY
1988-01-01,15056,WY
1989-01-01,16673,WY
1990-01-01,18147,WY
1991-01-01,18818,WY
1992-01-01,19583,WY
1993-01-01,20419,WY
1994-01-01,21034,WY
1995-01-01,21818,WY
1996-01-01,22693,WY
1997-01-01,24282,WY
1998-01-01,25741,WY
1999-01-01,27488,WY
2000-01-01,29519,WY
2001-01-01,31161,WY
2002-01-01,31546,WY
2003-01-01,33195,WY
2004-01-01,35120,WY
2005-01-01,38240,WY
2006-01-01,43567,WY
2007-01-01,45363,WY
2008-01-01,48593,WY
2009-01-01,43738,WY
2010-01-01,45714,WY
2011-01-01,49985,WY
2012-01-01,53524,WY
2013-01-01,52892,WY
2014-01-01,56710,WY
2015-01-01,57107,WY
2016-01-01,54617,WY
2017-01-01,56377,WY
2018-01-01,60375,WY
2019-01-01,63316,WY
