year,state,male_officer,male_civilian,female_officer,female_civilian
1960,AK,110,28,0,0
1960,AL,1815,208,0,0
1960,AR,731,49,0,0
1960,AS,0,0,0,0
1960,AZ,1066,158,0,0
1960,CA,15949,2985,0,0
1960,CO,1332,205,0,0
1960,CT,3598,424,0,0
1960,CZ,0,0,0,0
1960,DC,2540,203,0,0
1960,DE,456,95,0,0
1960,FL,4028,835,0,0
1960,FS,0,0,0,0
1960,GA,2271,207,0,0
1960,GM,0,0,0,0
1960,HI,701,114,0,0
1960,IA,1412,173,0,0
1960,ID,364,45,0,0
1960,IL,13940,2111,0,0
1960,IN,3632,307,0,0
1960,KS,1212,211,0,0
1960,KY,1450,157,0,0
1960,LA,1763,155,0,0
1960,MA,8635,547,0,0
1960,MD,3407,691,0,0
1960,ME,793,89,0,0
1960,MI,8359,859,0,0
1960,MN,2095,157,0,0
1960,MO,4093,926,0,0
1960,MP,0,0,0,0
1960,MS,807,88,0,0
1960,MT,352,42,0,0
1960,NB,831,114,0,0
1960,NC,2482,227,0,0
1960,ND,261,21,0,0
1960,NH,442,24,0,0
1960,NJ,8991,814,0,0
1960,NM,620,105,0,0
1960,NV,319,57,0,0
1960,NY,31137,1833,0,0
1960,OH,8322,902,0,0
1960,OK,1536,150,0,0
1960,OR,1267,216,0,0
1960,OT,0,0,0,0
1960,PA,11666,1053,0,0
1960,PR,0,0,0,0
1960,RI,1279,104,0,0
1960,SC,1172,115,0,0
1960,SD,285,33,0,0
1960,TN,1896,242,0,0
1960,TX,7184,1218,0,0
1960,UT,531,67,0,0
1960,VA,2391,237,0,0
1960,VI,0,0,0,0
1960,VT,289,57,0,0
1960,WA,2083,255,0,0
1960,WI,3884,238,0,0
1960,WV,964,133,0,0
1960,WY,212,57,0,0
1961,AK,204,65,0,0
1961,AL,1875,248,0,0
1961,AR,546,57,0,0
1961,AS,0,0,0,0
1961,AZ,834,95,0,0
1961,CA,22132,4595,0,0
1961,CO,1594,223,0,0
1961,CT,3796,402,0,0
1961,CZ,0,0,0,0
1961,DC,2809,201,0,0
1961,DE,429,71,0,0
1961,FL,4784,1155,0,0
1961,FS,0,0,0,0
1961,GA,2201,192,0,0
1961,GM,0,0,0,0
1961,HI,613,108,0,0
1961,IA,1391,193,0,0
1961,ID,520,57,0,0
1961,IL,4324,441,0,0
1961,IN,3916,351,0,0
1961,KS,1589,272,0,0
1961,KY,1287,150,0,0
1961,LA,2283,219,0,0
1961,MA,8641,516,0,0
1961,MD,3538,358,0,0
1961,ME,794,126,0,0
1961,MI,6226,831,0,0
1961,MN,2368,189,0,0
1961,MO,4167,907,0,0
1961,MP,0,0,0,0
1961,MS,732,114,0,0
1961,MT,470,47,0,0
1961,NB,925,139,0,0
1961,NC,2649,223,0,0
1961,ND,334,27,0,0
1961,NH,356,12,0,0
1961,NJ,10170,919,0,0
1961,NM,659,115,0,0
1961,NV,529,76,0,0
1961,NY,35148,1938,0,0
1961,OH,8889,1070,0,0
1961,OK,1297,72,0,0
1961,OR,1610,254,0,0
1961,OT,0,0,0,0
1961,PA,11227,985,0,0
1961,PR,0,0,0,0
1961,RI,1333,103,0,0
1961,SC,1041,119,0,0
1961,SD,281,34,0,0
1961,TN,1912,257,0,0
1961,TX,7382,1180,0,0
1961,UT,462,78,0,0
1961,VA,3190,529,0,0
1961,VI,0,0,0,0
1961,VT,162,9,0,0
1961,WA,2440,282,0,0
1961,WI,4379,297,0,0
1961,WV,757,118,0,0
1961,WY,271,67,0,0
1962,AK,123,64,0,0
1962,AL,1540,204,0,0
1962,AR,613,50,0,0
1962,AS,0,0,0,0
1962,AZ,1453,189,0,0
1962,CA,22932,4998,0,0
1962,CO,1644,259,0,0
1962,CT,3398,207,0,0
1962,CZ,0,0,0,0
1962,DC,3064,299,0,0
1962,DE,478,77,0,0
1962,FL,5333,1431,0,0
1962,FS,0,0,0,0
1962,GA,1910,207,0,0
1962,GM,0,0,0,0
1962,HI,649,111,0,0
1962,IA,1662,248,0,0
1962,ID,510,52,0,0
1962,IL,15042,1690,0,0
1962,IN,3803,329,0,0
1962,KS,1722,272,0,0
1962,KY,1610,197,0,0
1962,LA,2115,172,0,0
1962,MA,8139,493,0,0
1962,MD,4691,504,0,0
1962,ME,847,101,0,0
1962,MI,10835,1329,0,0
1962,MN,2693,216,0,0
1962,MO,4307,923,0,0
1962,MP,0,0,0,0
1962,MS,595,84,0,0
1962,MT,485,50,0,0
1962,NB,893,150,0,0
1962,NC,2723,235,0,0
1962,ND,353,26,0,0
1962,NH,448,23,0,0
1962,NJ,9758,689,0,0
1962,NM,673,123,0,0
1962,NV,451,87,0,0
1962,NY,36426,2232,0,0
1962,OH,8755,1082,0,0
1962,OK,1463,180,0,0
1962,OR,1469,236,0,0
1962,OT,0,0,0,0
1962,PA,11356,1026,0,0
1962,PR,0,0,0,0
1962,RI,1083,94,0,0
1962,SC,1031,113,0,0
1962,SD,301,28,0,0
1962,TN,1839,254,0,0
1962,TX,7550,1201,0,0
1962,UT,530,73,0,0
1962,VA,2873,331,0,0
1962,VI,0,0,0,0
1962,VT,166,6,0,0
1962,WA,2611,300,0,0
1962,WI,4619,322,0,0
1962,WV,453,47,0,0
1962,WY,278,91,0,0
1963,AK,116,29,0,0
1963,AL,1648,268,0,0
1963,AR,630,69,0,0
1963,AS,0,0,0,0
1963,AZ,1561,221,0,0
1963,CA,20731,4190,0,0
1963,CO,1802,294,0,0
1963,CT,3407,221,0,0
1963,CZ,0,0,0,0
1963,DC,2941,219,0,0
1963,DE,292,41,0,0
1963,FL,5603,1524,0,0
1963,FS,0,0,0,0
1963,GA,2465,257,0,0
1963,GM,0,0,0,0
1963,HI,462,28,0,0
1963,IA,1580,242,0,0
1963,ID,518,69,0,0
1963,IL,4593,518,0,0
1963,IN,3711,361,0,0
1963,KS,1357,181,0,0
1963,KY,1703,195,0,0
1963,LA,2352,224,0,0
1963,MA,8275,495,0,0
1963,MD,4905,496,0,0
1963,ME,623,59,0,0
1963,MI,9439,954,0,0
1963,MN,2859,244,0,0
1963,MO,4388,931,0,0
1963,MP,0,0,0,0
1963,MS,660,90,0,0
1963,MT,610,78,0,0
1963,NB,963,168,0,0
1963,NC,2815,235,0,0
1963,ND,396,35,0,0
1963,NH,421,23,0,0
1963,NJ,9831,773,0,0
1963,NM,736,131,0,0
1963,NV,673,98,0,0
1963,NY,40407,2123,0,0
1963,OH,8587,1058,0,0
1963,OK,1580,180,0,0
1963,OR,1794,276,0,0
1963,OT,0,0,0,0
1963,PA,11256,1017,0,0
1963,PR,0,0,0,0
1963,RI,1074,92,0,0
1963,SC,1040,110,0,0
1963,SD,367,32,0,0
1963,TN,2219,353,0,0
1963,TX,7551,1217,0,0
1963,UT,548,71,0,0
1963,VA,3078,314,0,0
1963,VI,0,0,0,0
1963,VT,156,7,0,0
1963,WA,2877,367,0,0
1963,WI,4653,332,0,0
1963,WV,438,38,0,0
1963,WY,288,64,0,0
1964,AK,209,33,0,0
1964,AL,1556,261,0,0
1964,AR,649,60,0,0
1964,AS,0,0,0,0
1964,AZ,1962,249,0,0
1964,CA,19422,4059,0,0
1964,CO,1796,282,0,0
1964,CT,3163,180,0,0
1964,CZ,0,0,0,0
1964,DC,2884,229,0,0
1964,DE,296,39,0,0
1964,FL,5832,1674,0,0
1964,FS,0,0,0,0
1964,GA,2240,242,0,0
1964,GM,0,0,0,0
1964,HI,828,131,0,0
1964,IA,1645,272,0,0
1964,ID,542,71,0,0
1964,IL,4539,536,0,0
1964,IN,3965,396,0,0
1964,KS,1455,221,0,0
1964,KY,1772,225,0,0
1964,LA,2416,272,0,0
1964,MA,8226,484,0,0
1964,MD,4783,530,0,0
1964,ME,602,84,0,0
1964,MI,9743,1077,0,0
1964,MN,2889,254,0,0
1964,MO,4446,1007,0,0
1964,MP,0,0,0,0
1964,MS,675,104,0,0
1964,MT,575,65,0,0
1964,NB,931,160,0,0
1964,NC,2865,237,0,0
1964,ND,371,32,0,0
1964,NH,463,26,0,0
1964,NJ,9956,840,0,0
1964,NM,671,111,0,0
1964,NV,848,123,0,0
1964,NY,38231,2330,0,0
1964,OH,9036,1084,0,0
1964,OK,1645,178,0,0
1964,OR,1862,289,0,0
1964,OT,0,0,0,0
1964,PA,11864,1149,0,0
1964,PR,0,0,0,0
1964,RI,1241,121,0,0
1964,SC,949,103,0,0
1964,SD,359,41,0,0
1964,TN,2104,288,0,0
1964,TX,8102,1256,0,0
1964,UT,511,94,0,0
1964,VA,3154,377,0,0
1964,VI,0,0,0,0
1964,VT,160,12,0,0
1964,WA,2801,365,0,0
1964,WI,4880,393,0,0
1964,WV,554,59,0,0
1964,WY,277,58,0,0
1965,AK,123,45,0,0
1965,AL,2045,306,0,0
1965,AR,735,64,0,0
1965,AS,0,0,0,0
1965,AZ,1860,258,0,0
1965,CA,24552,6246,0,0
1965,CO,1887,305,0,0
1965,CT,3675,230,0,0
1965,CZ,0,0,0,0
1965,DC,2911,248,0,0
1965,DE,301,39,0,0
1965,FL,4870,1148,0,0
1965,FS,0,0,0,0
1965,GA,2262,238,0,0
1965,GM,0,0,0,0
1965,HI,1157,148,0,0
1965,IA,1747,263,0,0
1965,ID,561,71,0,0
1965,IL,15268,2166,0,0
1965,IN,4156,412,0,0
1965,KS,1859,302,0,0
1965,KY,1710,224,0,0
1965,LA,3226,449,0,0
1965,MA,8665,518,0,0
1965,MD,5378,653,0,0
1965,ME,644,57,0,0
1965,MI,9965,1136,0,0
1965,MN,2973,266,0,0
1965,MO,4719,1085,0,0
1965,MP,0,0,0,0
1965,MS,759,107,0,0
1965,MT,545,57,0,0
1965,NB,953,163,0,0
1965,NC,2624,191,0,0
1965,ND,400,37,0,0
1965,NH,452,23,0,0
1965,NJ,10560,845,0,0
1965,NM,822,132,0,0
1965,NV,830,130,0,0
1965,NY,39681,2911,0,0
1965,OH,9511,1161,0,0
1965,OK,1534,189,0,0
1965,OR,1924,334,0,0
1965,OT,0,0,0,0
1965,PA,13281,1120,0,0
1965,PR,0,0,0,0
1965,RI,1304,124,0,0
1965,SC,946,104,0,0
1965,SD,322,47,0,0
1965,TN,2627,488,0,0
1965,TX,8807,1407,0,0
1965,UT,706,124,0,0
1965,VA,3199,371,0,0
1965,VI,0,0,0,0
1965,VT,130,9,0,0
1965,WA,2701,346,0,0
1965,WI,5246,377,0,0
1965,WV,508,43,0,0
1965,WY,308,75,0,0
1966,AK,156,38,0,0
1966,AL,2107,347,0,0
1966,AR,715,56,0,0
1966,AS,0,0,0,0
1966,AZ,1802,325,0,0
1966,CA,26558,7003,0,0
1966,CO,1825,284,0,0
1966,CT,3442,202,0,0
1966,CZ,0,0,0,0
1966,DC,0,0,0,0
1966,DE,307,38,0,0
1966,FL,6337,1662,0,0
1966,FS,0,0,0,0
1966,GA,2311,256,0,0
1966,GM,0,0,0,0
1966,HI,1246,152,0,0
1966,IA,1787,303,0,0
1966,ID,562,79,0,0
1966,IL,15908,2194,0,0
1966,IN,4193,444,0,0
1966,KS,1982,334,0,0
1966,KY,1575,214,0,0
1966,LA,1793,311,0,0
1966,MA,8477,495,0,0
1966,MD,2001,271,0,0
1966,ME,591,51,0,0
1966,MI,10004,1182,0,0
1966,MN,3037,286,0,0
1966,MO,4848,1124,0,0
1966,MP,0,0,0,0
1966,MS,800,122,0,0
1966,MT,537,76,0,0
1966,NB,1078,162,0,0
1966,NC,3051,257,0,0
1966,ND,398,37,0,0
1966,NH,443,21,0,0
1966,NJ,10314,852,0,0
1966,NM,812,157,0,0
1966,NV,810,181,0,0
1966,NY,40668,3121,0,0
1966,OH,9565,1237,0,0
1966,OK,1669,182,0,0
1966,OR,2044,366,0,0
1966,OT,0,0,0,0
1966,PA,13575,1225,0,0
1966,PR,0,0,0,0
1966,RI,1272,122,0,0
1966,SC,1023,117,0,0
1966,SD,339,53,0,0
1966,TN,2419,468,0,0
1966,TX,8985,1462,0,0
1966,UT,699,158,0,0
1966,VA,3406,422,0,0
1966,VI,0,0,0,0
1966,VT,150,16,0,0
1966,WA,2922,378,0,0
1966,WI,5326,415,0,0
1966,WV,480,49,0,0
1966,WY,276,74,0,0
1967,AK,150,44,0,0
1967,AL,2009,364,0,0
1967,AR,779,85,0,0
1967,AS,0,0,0,0
1967,AZ,1921,371,0,0
1967,CA,26788,7048,0,0
1967,CO,2165,324,0,0
1967,CT,3833,260,0,0
1967,CZ,0,0,0,0
1967,DC,2726,347,0,0
1967,DE,330,45,0,0
1967,FL,7356,1779,0,0
1967,FS,0,0,0,0
1967,GA,2643,275,0,0
1967,GM,0,0,0,0
1967,HI,1350,199,0,0
1967,IA,1817,320,0,0
1967,ID,555,83,0,0
1967,IL,16729,2325,0,0
1967,IN,4257,459,0,0
1967,KS,2064,440,0,0
1967,KY,1723,255,0,0
1967,LA,3028,455,0,0
1967,MA,9271,549,0,0
1967,MD,5668,786,0,0
1967,ME,606,58,0,0
1967,MI,10400,1272,0,0
1967,MN,3235,285,0,0
1967,MO,5121,1204,0,0
1967,MP,0,0,0,0
1967,MS,875,142,0,0
1967,MT,604,110,0,0
1967,NB,1187,206,0,0
1967,NC,3298,335,0,0
1967,ND,442,45,0,0
1967,NH,478,31,0,0
1967,NJ,10128,1024,0,0
1967,NM,879,213,0,0
1967,NV,893,203,0,0
1967,NY,38385,3904,0,0
1967,OH,10380,1411,0,0
1967,OK,2066,250,0,0
1967,OR,2157,383,0,0
1967,OT,0,0,0,0
1967,PA,13898,1298,0,0
1967,PR,0,0,0,0
1967,RI,1167,126,0,0
1967,SC,1103,133,0,0
1967,SD,406,64,0,0
1967,TN,2698,492,0,0
1967,TX,8912,1568,0,0
1967,UT,718,170,0,0
1967,VA,3676,462,0,0
1967,VI,0,0,0,0
1967,VT,140,18,0,0
1967,WA,3058,383,0,0
1967,WI,5371,401,0,0
1967,WV,564,54,0,0
1967,WY,300,94,0,0
1968,AK,150,41,0,0
1968,AL,1782,244,0,0
1968,AR,890,87,0,0
1968,AS,0,0,0,0
1968,AZ,2252,398,0,0
1968,CA,23464,5939,0,0
1968,CO,2384,327,0,0
1968,CT,3803,267,0,0
1968,CZ,0,0,0,0
1968,DC,3220,460,0,0
1968,DE,349,33,0,0
1968,FL,7087,1959,0,0
1968,FS,0,0,0,0
1968,GA,2617,279,0,0
1968,GM,0,0,0,0
1968,HI,1255,229,0,0
1968,IA,1957,336,0,0
1968,ID,586,107,0,0
1968,IL,5665,924,0,0
1968,IN,4458,491,0,0
1968,KS,2114,449,0,0
1968,KY,1622,284,0,0
1968,LA,3714,580,0,0
1968,MA,9646,605,0,0
1968,MD,5880,823,0,0
1968,ME,667,63,0,0
1968,MI,11078,1272,0,0
1968,MN,3527,357,0,0
1968,MO,5194,1226,0,0
1968,MP,0,0,0,0
1968,MS,946,187,0,0
1968,MT,604,111,0,0
1968,NB,1080,189,0,0
1968,NC,3100,290,0,0
1968,ND,432,48,0,0
1968,NH,492,30,0,0
1968,NJ,12809,1163,0,0
1968,NM,906,251,0,0
1968,NV,819,176,0,0
1968,NY,44440,5514,0,0
1968,OH,10694,1345,0,0
1968,OK,1881,246,0,0
1968,OR,2406,432,0,0
1968,OT,0,0,0,0
1968,PA,14182,1301,0,0
1968,PR,0,0,0,0
1968,RI,1225,130,0,0
1968,SC,1403,164,0,0
1968,SD,405,57,0,0
1968,TN,3072,538,0,0
1968,TX,9137,1720,0,0
1968,UT,751,184,0,0
1968,VA,3635,503,0,0
1968,VI,0,0,0,0
1968,VT,148,22,0,0
1968,WA,3293,451,0,0
1968,WI,5817,567,0,0
1968,WV,481,45,0,0
1968,WY,334,97,0,0
1969,AK,160,40,0,0
1969,AL,1890,341,0,0
1969,AR,931,64,0,0
1969,AS,0,0,0,0
1969,AZ,2323,462,0,0
1969,CA,24215,6187,0,0
1969,CO,2313,385,0,0
1969,CT,4094,336,0,0
1969,CZ,0,0,0,0
1969,DC,3868,675,0,0
1969,DE,390,73,0,0
1969,FL,7448,2291,0,0
1969,FS,0,0,0,0
1969,GA,2933,311,0,0
1969,GM,0,0,0,0
1969,HI,1242,223,0,0
1969,IA,1892,355,0,0
1969,ID,652,105,0,0
1969,IL,18204,3969,0,0
1969,IN,4754,532,0,0
1969,KS,2249,480,0,0
1969,KY,2024,344,0,0
1969,LA,2590,513,0,0
1969,MA,9765,754,0,0
1969,MD,6182,881,0,0
1969,ME,694,64,0,0
1969,MI,11631,1428,0,0
1969,MN,3729,355,0,0
1969,MO,5579,1314,0,0
1969,MP,0,0,0,0
1969,MS,962,178,0,0
1969,MT,541,120,0,0
1969,NB,1125,184,0,0
1969,NC,3570,386,0,0
1969,ND,468,41,0,0
1969,NH,543,40,0,0
1969,NJ,13587,1215,0,0
1969,NM,1044,319,0,0
1969,NV,1059,273,0,0
1969,NY,47151,4106,0,0
1969,OH,11246,1296,0,0
1969,OK,2191,302,0,0
1969,OR,2413,484,0,0
1969,OT,0,0,0,0
1969,PA,14394,1380,0,0
1969,PR,0,0,0,0
1969,RI,1212,130,0,0
1969,SC,1471,171,0,0
1969,SD,373,58,0,0
1969,TN,3203,538,0,0
1969,TX,10164,1782,0,0
1969,UT,802,193,0,0
1969,VA,4173,581,0,0
1969,VI,0,0,0,0
1969,VT,145,28,0,0
1969,WA,3555,558,0,0
1969,WI,5842,511,0,0
1969,WV,575,43,0,0
1969,WY,314,97,0,0
1970,AK,186,39,0,0
1970,AL,2398,463,0,0
1970,AR,1017,91,0,0
1970,AS,0,0,0,0
1970,AZ,2645,542,0,0
1970,CA,32742,9338,0,0
1970,CO,2918,563,0,0
1970,CT,4429,420,0,0
1970,CZ,0,0,0,0
1970,DC,5055,622,0,0
1970,DE,397,97,0,0
1970,FL,8157,2594,0,0
1970,FS,0,0,0,0
1970,GA,3061,330,0,0
1970,GM,0,0,0,0
1970,HI,1325,248,0,0
1970,IA,2033,364,0,0
1970,ID,773,112,0,0
1970,IL,19734,4261,0,0
1970,IN,4975,598,0,0
1970,KS,2333,570,0,0
1970,KY,2855,521,0,0
1970,LA,4129,916,0,0
1970,MA,10334,768,0,0
1970,MD,3020,541,0,0
1970,ME,788,71,0,0
1970,MI,11123,1195,0,0
1970,MN,3748,395,0,0
1970,MO,6000,1441,0,0
1970,MP,0,0,0,0
1970,MS,1029,188,0,0
1970,MT,513,124,0,0
1970,NB,1305,267,0,0
1970,NC,3997,452,0,0
1970,ND,460,61,0,0
1970,NH,602,47,0,0
1970,NJ,14633,1496,0,0
1970,NM,1006,286,0,0
1970,NV,1145,314,0,0
1970,NY,47696,4980,0,0
1970,OH,11763,1466,0,0
1970,OK,2246,251,0,0
1970,OR,2414,516,0,0
1970,OT,0,0,0,0
1970,PA,14922,1551,0,0
1970,PR,0,0,0,0
1970,RI,1437,142,0,0
1970,SC,1516,183,0,0
1970,SD,390,55,0,0
1970,TN,3212,671,0,0
1970,TX,11321,2065,0,0
1970,UT,860,207,0,0
1970,VA,4425,698,0,0
1970,VI,0,0,0,0
1970,VT,162,24,0,0
1970,WA,3779,680,0,0
1970,WI,4778,577,0,0
1970,WV,588,63,0,0
1970,WY,315,111,0,0
1971,AK,210,14,20,69
1971,AL,2742,286,17,74
1971,AR,1205,67,9,48
1971,AS,0,0,0,0
1971,AZ,2816,293,16,226
1971,CA,34570,4330,376,2872
1971,CO,3090,276,46,64
1971,CT,4820,190,21,170
1971,CZ,0,0,0,0
1971,DC,4947,703,0,0
1971,DE,516,30,5,25
1971,FL,11445,2919,93,1025
1971,FS,0,0,0,0
1971,GA,4193,213,26,70
1971,GM,0,0,0,0
1971,HI,1635,132,20,195
1971,IA,2271,212,41,135
1971,ID,763,31,53,4
1971,IL,20961,3768,49,166
1971,IN,5409,295,116,332
1971,KS,2597,317,39,49
1971,KY,3023,323,27,190
1971,LA,4831,397,114,220
1971,MA,10855,529,8,124
1971,MD,7015,522,4,34
1971,ME,951,36,2,0
1971,MI,14270,888,126,390
1971,MN,4079,241,12,88
1971,MO,6517,767,32,485
1971,MP,0,0,0,0
1971,MS,1412,167,6,12
1971,MT,667,44,0,14
1971,NB,1539,180,10,87
1971,NC,4738,271,27,23
1971,ND,491,18,6,3
1971,NH,737,37,4,4
1971,NJ,15957,1035,83,268
1971,NM,1208,201,12,9
1971,NV,1272,49,17,88
1971,NY,47214,2665,350,696
1971,OH,12615,695,99,305
1971,OK,2670,139,12,54
1971,OR,2633,244,56,167
1971,OT,0,0,0,0
1971,PA,15267,1096,110,632
1971,PR,0,0,0,0
1971,RI,1668,97,7,60
1971,SC,1923,173,9,57
1971,SD,478,37,7,12
1971,TN,3640,420,40,204
1971,TX,12238,1096,126,794
1971,UT,1057,125,5,9
1971,VA,4816,377,3,67
1971,VI,0,0,0,0
1971,VT,228,9,1,9
1971,WA,4183,404,23,58
1971,WI,7445,350,86,219
1971,WV,1205,157,0,5
1971,WY,386,34,1,15
1972,AK,439,30,24,135
1972,AL,4447,609,128,412
1972,AR,2024,183,62,162
1972,AS,0,0,0,0
1972,AZ,3984,581,94,587
1972,CA,42597,4890,1276,8047
1972,CO,3963,383,177,566
1972,CT,5839,329,65,428
1972,CZ,0,0,0,0
1972,DC,5265,313,173,377
1972,DE,1135,86,4,138
1972,FL,13140,2304,321,2480
1972,FS,0,0,0,0
1972,GA,6584,390,134,773
1972,GM,0,0,0,0
1972,HI,2306,221,23,164
1972,IA,2946,241,88,359
1972,ID,1058,29,156,86
1972,IL,23875,1838,295,2005
1972,IN,7006,600,211,742
1972,KS,3136,401,164,392
1972,KY,3853,537,117,384
1972,LA,6072,591,326,511
1972,MA,12621,859,73,536
1972,MD,8460,1142,90,633
1972,ME,1436,90,18,63
1972,MI,16744,1277,346,1202
1972,MN,5069,280,104,424
1972,MO,7742,1374,127,902
1972,MP,0,0,0,0
1972,MS,2595,320,76,329
1972,MT,1041,67,20,204
1972,NB,2087,227,49,283
1972,NC,6830,421,224,396
1972,ND,636,44,51,57
1972,NH,1069,81,25,71
1972,NJ,18324,1416,211,1301
1972,NM,1627,272,80,308
1972,NV,1439,78,76,365
1972,NY,52193,2544,558,1678
1972,OH,15502,1238,322,1460
1972,OK,3665,295,72,238
1972,OR,3505,272,300,585
1972,OT,0,0,0,0
1972,PA,20868,1458,149,1136
1972,PR,0,0,0,0
1972,RI,1912,120,12,68
1972,SC,2991,284,46,171
1972,SD,693,89,35,53
1972,TN,5382,479,118,567
1972,TX,16675,1851,490,2795
1972,UT,1564,143,15,187
1972,VA,6600,589,102,751
1972,VI,0,0,0,0
1972,VT,572,84,17,112
1972,WA,5242,858,159,714
1972,WI,8130,620,162,564
1972,WV,1983,171,56,285
1972,WY,538,49,14,106
1973,AK,281,16,21,85
1973,AL,4176,376,157,399
1973,AR,1847,152,71,203
1973,AS,0,0,0,0
1973,AZ,3533,401,112,583
1973,CA,38406,3882,1314,8268
1973,CO,3799,288,231,560
1973,CT,5150,196,62,319
1973,CZ,0,0,0,0
1973,DC,4780,279,157,386
1973,DE,753,56,11,91
1973,FL,14230,1683,832,2413
1973,FS,0,0,0,0
1973,GA,6511,342,268,531
1973,GM,0,0,0,0
1973,HI,2162,148,10,246
1973,IA,2687,226,119,402
1973,ID,978,37,168,116
1973,IL,23875,1424,396,2100
1973,IN,6804,398,249,708
1973,KS,2960,270,182,466
1973,KY,3429,351,132,347
1973,LA,6266,338,506,529
1973,MA,11804,487,77,493
1973,MD,7494,548,124,832
1973,ME,1148,74,24,53
1973,MI,15455,1008,463,1148
1973,MN,4708,245,107,440
1973,MO,7438,779,178,835
1973,MP,0,0,0,0
1973,MS,2250,198,93,214
1973,MT,888,51,19,177
1973,NB,1953,135,66,354
1973,NC,6695,334,251,384
1973,ND,581,15,59,35
1973,NH,939,57,23,72
1973,NJ,17747,1114,218,1286
1973,NM,1446,162,98,278
1973,NV,1712,72,94,449
1973,NY,48406,5330,885,1026
1973,OH,14838,908,340,1363
1973,OK,3494,213,114,286
1973,OR,2850,280,280,581
1973,OT,0,0,0,0
1973,PA,18012,1186,151,875
1973,PR,0,0,0,0
1973,RI,1688,112,9,81
1973,SC,3166,212,81,225
1973,SD,573,36,45,56
1973,TN,5148,503,139,457
1973,TX,15505,1376,611,2147
1973,UT,1310,171,24,225
1973,VA,5851,431,141,633
1973,VI,0,0,0,0
1973,VT,379,19,15,46
1973,WA,4634,436,186,693
1973,WI,7808,405,169,568
1973,WV,1637,152,56,208
1973,WY,440,38,16,102
1974,AK,319,21,22,97
1974,AL,4639,401,173,504
1974,AR,1960,170,80,239
1974,AS,0,0,0,0
1974,AZ,3852,470,108,691
1974,CA,39214,4391,1418,8762
1974,CO,4453,301,295,721
1974,CT,5291,212,59,373
1974,CZ,0,0,0,0
1974,DC,4347,466,250,495
1974,DE,760,67,16,105
1974,FL,15349,1979,857,2817
1974,FS,0,0,0,0
1974,GA,7824,462,426,810
1974,GM,0,0,0,0
1974,HI,2126,185,11,263
1974,IA,2851,275,114,506
1974,ID,1050,43,174,151
1974,IL,24262,1546,447,2186
1974,IN,6868,397,263,801
1974,KS,3019,293,202,522
1974,KY,4036,366,158,476
1974,LA,6665,409,497,650
1974,MA,11971,573,94,654
1974,MD,10658,781,179,1267
1974,ME,1278,81,23,74
1974,MI,16044,1183,454,1464
1974,MN,4910,283,120,522
1974,MO,8108,826,238,1047
1974,MP,0,0,0,0
1974,MS,2356,198,108,226
1974,MT,922,68,22,193
1974,NB,2019,176,66,376
1974,NC,7189,466,284,509
1974,ND,596,22,74,48
1974,NH,1009,80,36,77
1974,NJ,18769,1242,266,1421
1974,NM,1699,220,102,346
1974,NV,1774,87,122,451
1974,NY,52145,2638,971,4437
1974,OH,15087,950,374,1550
1974,OK,3715,271,145,371
1974,OR,3022,253,317,544
1974,OT,0,0,0,0
1974,PA,18495,1255,150,881
1974,PR,0,0,0,0
1974,RI,1742,128,11,73
1974,SC,3422,226,66,324
1974,SD,637,44,39,94
1974,TN,5536,545,153,574
1974,TX,16981,1409,670,2763
1974,UT,1367,178,34,263
1974,VA,6447,450,195,785
1974,VI,0,0,0,0
1974,VT,418,29,23,53
1974,WA,4718,378,196,768
1974,WI,8209,399,175,667
1974,WV,1703,148,69,201
1974,WY,472,37,31,107
1975,AK,334,29,23,98
1975,AL,4970,501,191,545
1975,AR,2237,209,130,266
1975,AS,0,0,0,0
1975,AZ,4242,576,145,798
1975,CA,40142,5066,1641,9261
1975,CO,5188,506,287,898
1975,CT,5265,254,74,397
1975,CZ,0,0,0,0
1975,DC,4243,478,340,330
1975,DE,806,77,17,106
1975,FL,16369,2561,1173,3301
1975,FS,0,0,0,0
1975,GA,8005,525,488,1023
1975,GM,0,0,0,0
1975,HI,2254,133,24,273
1975,IA,3011,249,127,535
1975,ID,1359,41,184,199
1975,IL,24686,1762,552,2666
1975,IN,7052,533,276,963
1975,KS,3198,343,238,600
1975,KY,4113,425,164,522
1975,LA,7018,425,666,531
1975,MA,12223,627,125,653
1975,MD,11053,817,207,1374
1975,ME,1355,107,30,91
1975,MI,16464,1198,634,1627
1975,MN,5110,354,131,625
1975,MO,8294,978,281,1167
1975,MP,0,0,0,0
1975,MS,2452,245,129,246
1975,MT,982,106,24,228
1975,NB,2052,190,57,413
1975,NC,7727,627,339,706
1975,ND,737,35,83,51
1975,NH,1059,83,37,93
1975,NJ,18979,1319,302,1631
1975,NM,1793,226,134,371
1975,NV,1812,96,125,482
1975,NY,51925,5822,616,1572
1975,OH,15367,1239,406,1695
1975,OK,3905,328,155,457
1975,OR,3242,290,390,635
1975,OT,0,0,0,0
1975,PA,19377,1320,213,1019
1975,PR,0,0,0,0
1975,RI,1850,187,13,111
1975,SC,3834,309,122,422
1975,SD,670,62,34,117
1975,TN,5853,560,164,646
1975,TX,17900,1642,887,2821
1975,UT,1449,193,27,279
1975,VA,6973,497,273,1002
1975,VI,0,0,0,0
1975,VT,408,38,16,59
1975,WA,4739,426,205,826
1975,WI,8447,448,216,790
1975,WV,1865,223,74,270
1975,WY,544,31,24,155
1976,AK,326,14,30,111
1976,AL,5440,571,258,626
1976,AR,2316,214,164,270
1976,AS,0,0,0,0
1976,AZ,4271,601,168,919
1976,CA,39781,5323,1770,9044
1976,CO,5343,513,312,1002
1976,CT,5179,212,77,438
1976,CZ,0,0,0,0
1976,DC,4021,264,319,342
1976,DE,809,63,18,101
1976,FL,17066,2325,1131,3609
1976,FS,0,0,0,0
1976,GA,8137,641,556,930
1976,GM,0,0,0,0
1976,HI,2254,135,29,280
1976,IA,3082,274,125,591
1976,ID,1395,45,213,180
1976,IL,24839,1833,545,2864
1976,IN,7114,701,321,933
1976,KS,3286,337,257,615
1976,KY,4111,377,177,697
1976,LA,7534,526,728,659
1976,MA,12141,664,134,703
1976,MD,11311,881,245,1428
1976,ME,1373,108,34,110
1976,MI,15981,1224,759,1781
1976,MN,5680,402,133,754
1976,MO,8097,926,326,1182
1976,MP,0,0,0,0
1976,MS,2420,232,135,319
1976,MT,993,106,28,274
1976,NB,2045,199,55,472
1976,NC,7981,659,370,755
1976,ND,744,46,71,80
1976,NH,1079,101,39,111
1976,NJ,19946,1457,348,2067
1976,NM,1802,274,122,428
1976,NV,1814,105,134,495
1976,NY,45788,3167,623,3008
1976,OH,15298,1228,452,1789
1976,OK,4047,294,176,492
1976,OR,3269,299,439,499
1976,OT,0,0,0,0
1976,PA,19324,1263,340,1088
1976,PR,0,0,0,0
1976,RI,1807,202,20,133
1976,SC,3947,330,133,405
1976,SD,715,68,29,125
1976,TN,6030,582,184,660
1976,TX,18670,1873,973,3121
1976,UT,1501,191,39,281
1976,VA,7444,515,341,1083
1976,VI,0,0,0,0
1976,VT,407,34,18,67
1976,WA,4772,434,214,865
1976,WI,8431,405,235,818
1976,WV,1886,205,66,285
1976,WY,574,39,26,163
1977,AK,377,17,33,117
1977,AL,5618,713,270,779
1977,AR,2525,266,222,331
1977,AS,0,0,0,0
1977,AZ,4358,831,168,1057
1977,CA,46186,6369,2091,10950
1977,CO,5460,482,323,1072
1977,CT,5213,259,89,490
1977,CZ,0,0,0,0
1977,DC,3890,251,276,334
1977,DE,816,73,15,114
1977,FL,16586,2844,1081,4077
1977,FS,0,0,0,0
1977,GA,8754,627,580,1236
1977,GM,0,0,0,0
1977,HI,2229,132,28,290
1977,IA,3153,303,126,657
1977,ID,1300,78,187,238
1977,IL,25373,1782,774,2931
1977,IN,7203,688,352,1171
1977,KS,3425,318,253,715
1977,KY,3954,496,209,409
1977,LA,7705,510,902,610
1977,MA,12348,589,162,763
1977,MD,9278,756,292,1170
1977,ME,1464,130,41,153
1977,MI,16811,1261,1212,1923
1977,MN,5779,459,151,789
1977,MO,9152,1586,411,1552
1977,MP,0,0,0,0
1977,MS,2532,217,180,326
1977,MT,1289,108,34,382
1977,NB,2436,258,64,546
1977,NC,8435,714,464,892
1977,ND,783,49,73,89
1977,NH,1217,89,47,131
1977,NJ,20684,1515,411,2472
1977,NM,1878,263,131,503
1977,NV,1857,105,142,541
1977,NY,45747,5862,348,1538
1977,OH,16578,1223,925,1939
1977,OK,4200,366,214,626
1977,OR,3379,304,160,1024
1977,OT,0,0,0,0
1977,PA,19654,1443,385,1280
1977,PR,0,0,0,0
1977,RI,1855,219,20,146
1977,SC,4046,362,163,501
1977,SD,740,56,40,161
1977,TN,6119,576,185,745
1977,TX,19505,1964,1054,3719
1977,UT,1563,190,47,331
1977,VA,7567,509,352,1210
1977,VI,0,0,0,0
1977,VT,435,29,19,73
1977,WA,4822,415,238,956
1977,WI,8839,553,271,943
1977,WV,1940,176,92,292
1977,WY,671,50,36,197
1978,AK,478,25,45,167
1978,AL,5660,831,324,806
1978,AR,2606,274,251,379
1978,AS,0,0,0,0
1978,AZ,4462,878,193,1194
1978,CA,45792,6138,2216,10535
1978,CO,5639,490,374,1184
1978,CT,5299,265,116,517
1978,CZ,0,0,0,0
1978,DC,3753,222,325,351
1978,DE,837,71,15,122
1978,FL,17246,3043,1106,4835
1978,FS,0,0,0,0
1978,GA,9075,728,626,1304
1978,GM,0,0,0,0
1978,HI,2213,145,32,302
1978,IA,3245,297,136,721
1978,ID,1567,40,219,244
1978,IL,25284,1406,828,3289
1978,IN,7140,639,373,1209
1978,KS,3504,308,300,715
1978,KY,3983,371,214,673
1978,LA,7700,460,1084,559
1978,MA,12273,779,202,1113
1978,MD,8966,704,275,1126
1978,ME,1484,116,50,164
1978,MI,16904,1423,1297,2226
1978,MN,5888,440,160,877
1978,MO,9112,1613,450,1662
1978,MP,0,0,0,0
1978,MS,2682,225,226,344
1978,MT,1285,123,30,398
1978,NB,2466,277,72,563
1978,NC,8390,740,515,969
1978,ND,789,55,72,113
1978,NH,1265,111,51,158
1978,NJ,21000,1559,441,2638
1978,NM,1822,287,119,514
1978,NV,1775,306,129,562
1978,NY,44730,2736,931,4987
1978,OH,14529,1100,469,2027
1978,OK,4320,408,236,649
1978,OR,3373,234,144,988
1978,OT,0,0,0,0
1978,PA,19727,1383,469,1415
1978,PR,0,0,0,0
1978,RI,1887,192,25,158
1978,SC,4072,384,185,563
1978,SD,745,64,31,145
1978,TN,6660,793,249,1008
1978,TX,20273,2430,1210,3846
1978,UT,1751,222,52,416
1978,VA,7681,465,381,1298
1978,VI,0,0,0,0
1978,VT,428,42,11,77
1978,WA,4862,511,207,1028
1978,WI,8997,503,310,1125
1978,WV,2150,220,116,390
1978,WY,770,58,45,231
1979,AK,514,39,41,168
1979,AL,5714,798,397,955
1979,AR,2671,282,212,445
1979,AS,0,0,0,0
1979,AZ,4657,875,208,1286
1979,CA,45486,5809,2399,11096
1979,CO,6043,553,420,1428
1979,CT,5296,265,134,486
1979,CZ,0,0,0,0
1979,DC,3707,247,327,302
1979,DE,843,63,26,128
1979,FL,17139,3195,1138,4911
1979,FS,0,0,0,0
1979,GA,8856,768,683,1443
1979,GM,0,0,0,0
1979,HI,2234,115,42,278
1979,IA,3940,429,172,896
1979,ID,1532,38,215,267
1979,IL,25593,1681,905,4041
1979,IN,7043,694,373,1297
1979,KS,3504,331,324,774
1979,KY,3964,389,258,654
1979,LA,7532,527,1215,785
1979,MA,12305,508,248,867
1979,MD,8931,626,417,1173
1979,ME,1508,126,52,185
1979,MI,16444,1331,1154,2246
1979,MN,5921,456,171,908
1979,MO,9211,1675,480,1791
1979,MP,0,0,0,0
1979,MS,2714,268,231,377
1979,MT,1336,132,26,411
1979,NB,2459,289,81,628
1979,NC,8758,737,587,1079
1979,ND,800,61,84,106
1979,NH,1304,86,48,177
1979,NJ,20812,1553,504,2685
1979,NM,1849,295,131,647
1979,NV,2170,139,134,647
1979,NY,43617,5865,914,1762
1979,OH,15738,950,683,2056
1979,OK,4407,393,273,761
1979,OR,3391,236,164,1003
1979,OT,0,0,0,0
1979,PA,19600,1228,516,1380
1979,PR,0,0,0,0
1979,RI,1881,182,28,172
1979,SC,4070,378,198,688
1979,SD,756,70,29,176
1979,TN,6637,656,297,1235
1979,TX,20774,2169,1404,4421
1979,UT,1832,222,54,495
1979,VA,7771,471,448,1363
1979,VI,0,0,0,0
1979,VT,420,35,11,93
1979,WA,4913,553,213,1139
1979,WI,9085,591,378,1179
1979,WV,2152,197,117,411
1979,WY,847,71,57,254
1980,AK,524,37,51,176
1980,AL,5674,731,385,1061
1980,AR,2516,273,240,450
1980,AS,0,0,0,0
1980,AZ,4691,854,218,1423
1980,CA,39744,5220,2546,10527
1980,CO,5037,384,426,1275
1980,CT,5073,238,150,501
1980,CZ,0,0,0,0
1980,DC,3336,215,316,271
1980,DE,701,43,27,115
1980,FL,17159,3180,1138,5063
1980,FS,0,0,0,0
1980,GA,8802,699,721,1555
1980,GM,0,0,0,0
1980,HI,2258,120,64,285
1980,IA,3312,303,149,783
1980,ID,1312,47,215,277
1980,IL,24097,1506,911,3465
1980,IN,6784,681,369,1297
1980,KS,3413,292,317,763
1980,KY,3761,323,235,740
1980,LA,7438,646,1255,920
1980,MA,11877,594,257,888
1980,MD,8248,589,427,1228
1980,ME,1383,113,49,193
1980,MI,15662,1581,852,2052
1980,MN,5437,367,181,907
1980,MO,7558,879,464,1418
1980,MP,0,0,0,0
1980,MS,1581,169,148,216
1980,MT,840,106,19,294
1980,NB,1983,210,62,546
1980,NC,8865,773,651,1147
1980,ND,835,44,75,119
1980,NH,1304,75,38,205
1980,NJ,20160,1661,488,2751
1980,NM,1919,345,141,669
1980,NV,1934,112,139,598
1980,NY,46124,3811,1200,4217
1980,OH,14972,1105,498,2272
1980,OK,4427,374,270,853
1980,OR,3377,209,157,1016
1980,OT,0,0,0,0
1980,PA,19085,1281,601,1476
1980,PR,0,0,0,0
1980,RI,1888,183,34,173
1980,SC,4100,410,200,736
1980,SD,742,72,32,173
1980,TN,7012,812,330,1081
1980,TX,21330,2305,1472,4590
1980,UT,1887,220,49,525
1980,VA,8057,501,501,1530
1980,VI,0,0,0,0
1980,VT,424,29,12,97
1980,WA,5264,544,290,1240
1980,WI,9237,609,420,1238
1980,WV,2073,197,131,394
1980,WY,923,62,58,332
1981,AK,533,46,55,204
1981,AL,5727,775,350,1102
1981,AR,2643,306,225,469
1981,AS,0,0,0,0
1981,AZ,4703,1007,216,1456
1981,CA,41239,5519,2852,11140
1981,CO,5613,375,526,1401
1981,CT,5235,277,164,525
1981,CZ,0,0,0,0
1981,DC,3273,140,321,307
1981,DE,676,23,19,73
1981,FL,18163,3423,1414,5598
1981,FS,0,0,0,0
1981,GA,9458,673,861,1670
1981,GM,0,0,0,0
1981,HI,2311,246,75,184
1981,IA,3332,345,151,805
1981,ID,1368,52,236,248
1981,IL,24386,2529,1021,3726
1981,IN,7046,678,444,1370
1981,KS,3457,292,352,798
1981,KY,3720,355,241,637
1981,LA,7389,575,1387,928
1981,MA,11315,561,281,844
1981,MD,8375,751,504,1219
1981,ME,1443,153,72,193
1981,MI,14656,1065,886,2034
1981,MN,5406,440,192,944
1981,MO,7292,901,797,1404
1981,MP,0,0,0,0
1981,MS,1911,170,171,295
1981,MT,1010,143,28,321
1981,NB,2010,224,87,518
1981,NC,8886,762,677,1256
1981,ND,853,64,73,130
1981,NH,1502,141,39,242
1981,NJ,20478,1327,550,2657
1981,NM,2004,323,165,659
1981,NV,1977,127,146,616
1981,NY,45448,3693,1533,5431
1981,OH,14826,1006,572,2230
1981,OK,4512,388,298,884
1981,OR,3448,194,179,1011
1981,OT,0,0,0,0
1981,PA,18799,1246,730,1496
1981,PR,0,0,0,0
1981,RI,1862,192,31,155
1981,SC,4137,352,238,739
1981,SD,732,65,34,174
1981,TN,6957,833,357,1119
1981,TX,21763,2544,1553,4956
1981,UT,1912,217,60,523
1981,VA,8285,452,562,1547
1981,VI,0,0,0,0
1981,VT,432,28,11,100
1981,WA,5261,606,266,1311
1981,WI,9233,632,437,1295
1981,WV,2102,223,140,368
1981,WY,1005,57,73,341
1982,AK,565,41,56,197
1982,AL,5723,793,354,1165
1982,AR,2728,317,225,518
1982,AS,0,0,0,0
1982,AZ,4760,1074,232,1546
1982,CA,41836,5656,3000,11621
1982,CO,5663,479,546,1496
1982,CT,5321,228,179,574
1982,CZ,0,0,0,0
1982,DC,3442,236,419,288
1982,DE,691,44,23,120
1982,FL,18735,4885,1439,6332
1982,FS,0,0,0,0
1982,GA,9586,824,890,1736
1982,GM,0,0,0,0
1982,HI,2344,140,93,348
1982,IA,3333,321,142,818
1982,ID,1435,36,312,194
1982,IL,24313,2541,1152,4073
1982,IN,7045,734,462,1359
1982,KS,3575,313,343,871
1982,KY,3731,449,262,531
1982,LA,6734,399,1378,784
1982,MA,11440,609,291,886
1982,MD,8510,742,561,1294
1982,ME,1444,177,56,207
1982,MI,15079,1190,985,2209
1982,MN,5290,435,178,930
1982,MO,7599,885,540,1415
1982,MP,0,0,0,0
1982,MS,2311,294,194,405
1982,MT,1031,147,28,330
1982,NB,2036,247,98,571
1982,NC,8962,806,720,1326
1982,ND,780,37,79,128
1982,NH,1521,136,36,261
1982,NJ,20681,1331,587,2899
1982,NM,2079,311,188,667
1982,NV,1941,146,161,670
1982,NY,44758,3635,1827,6001
1982,OH,16308,1030,972,2822
1982,OK,4724,423,331,924
1982,OR,3390,218,189,981
1982,OT,0,0,0,0
1982,PA,18509,1256,810,1548
1982,PR,0,0,0,0
1982,RI,1879,192,35,174
1982,SC,4101,410,243,779
1982,SD,738,57,33,181
1982,TN,7033,844,366,1144
1982,TX,22882,2930,1821,5381
1982,UT,2046,240,61,549
1982,VA,8440,483,641,1597
1982,VI,0,0,0,0
1982,VT,438,31,21,105
1982,WA,5302,596,263,1308
1982,WI,9345,713,459,1370
1982,WV,2098,259,112,402
1982,WY,1073,94,80,363
1983,AK,1007,204,63,505
1983,AL,6532,1055,371,1548
1983,AR,3283,426,248,659
1983,AS,0,0,0,0
1983,AZ,5767,1506,286,1887
1983,CA,47783,7273,3512,13265
1983,CO,6380,540,620,1650
1983,CT,6335,474,250,828
1983,CZ,0,0,0,0
1983,DC,3442,236,419,288
1983,DE,1101,92,42,178
1983,FL,20832,5521,1720,7399
1983,FS,0,0,0,0
1983,GA,10900,1224,1004,2175
1983,GM,0,0,0,0
1983,HI,2360,150,108,355
1983,IA,3940,472,150,935
1983,ID,1593,58,232,302
1983,IL,25748,2619,1274,5397
1983,IN,8098,1021,495,1635
1983,KS,4069,486,309,1028
1983,KY,4756,759,296,930
1983,LA,9344,640,1669,1179
1983,MA,12964,776,436,1055
1983,MD,9904,828,685,1596
1983,ME,1389,142,45,200
1983,MI,16525,1782,937,2660
1983,MN,5863,527,201,1030
1983,MO,8525,1426,581,1784
1983,MP,0,0,0,0
1983,MS,3343,465,235,737
1983,MT,1283,161,34,388
1983,NB,2453,303,114,689
1983,NC,10508,1029,833,1492
1983,ND,893,88,86,165
1983,NH,1562,123,62,291
1983,NJ,23011,1819,641,3334
1983,NM,2576,436,186,936
1983,NV,2130,140,180,714
1983,NY,45369,3682,2201,6241
1983,OH,17476,1611,1064,3240
1983,OK,5441,723,340,1248
1983,OR,4067,210,208,1078
1983,OT,0,0,0,0
1983,PA,22002,1674,910,2001
1983,PR,0,0,0,0
1983,RI,2043,215,39,193
1983,SC,5031,469,256,859
1983,SD,889,97,38,208
1983,TN,7795,950,439,1548
1983,TX,26817,4165,2131,7545
1983,UT,2505,341,78,676
1983,VA,9960,689,690,1950
1983,VI,0,0,0,0
1983,VT,682,106,29,149
1983,WA,6079,869,282,1512
1983,WI,9416,761,539,1430
1983,WV,2163,320,116,409
1983,WY,1251,113,62,444
1984,AK,887,124,68,371
1984,AL,6538,1098,379,1682
1984,AR,3291,415,221,740
1984,AS,0,0,0,0
1984,AZ,5935,1553,327,2075
1984,CA,48657,7130,3754,14231
1984,CO,6456,637,628,1786
1984,CT,6456,482,296,867
1984,CZ,0,0,0,0
1984,DC,3407,239,472,258
1984,DE,1116,103,43,196
1984,FL,21316,5936,1856,7751
1984,FS,0,0,0,0
1984,GA,10053,864,1073,1981
1984,GM,0,0,0,0
1984,HI,2433,163,114,344
1984,IA,3822,384,146,879
1984,ID,1632,61,247,304
1984,IL,25603,2655,1308,4125
1984,IN,7825,1076,467,1659
1984,KS,4094,520,331,1045
1984,KY,4767,747,313,950
1984,LA,9513,733,1830,1253
1984,MA,12846,852,495,1067
1984,MD,10365,1161,743,1794
1984,ME,1756,264,62,297
1984,MI,16765,1556,1067,2837
1984,MN,5814,630,220,1021
1984,MO,8538,1467,582,1734
1984,MP,0,0,0,0
1984,MS,3474,448,243,777
1984,MT,1375,205,32,406
1984,NB,2518,283,129,674
1984,NC,10535,1074,928,1577
1984,ND,899,91,89,157
1984,NH,1585,133,61,291
1984,NJ,23156,1810,716,3596
1984,NM,2605,453,181,969
1984,NV,2190,170,181,758
1984,NY,50079,4112,2694,8690
1984,OH,17358,1631,1110,3152
1984,OK,5632,603,394,1268
1984,OR,4077,232,205,1079
1984,OT,0,0,0,0
1984,PA,21832,1674,982,2027
1984,PR,0,0,0,0
1984,RI,2053,218,42,202
1984,SC,5175,401,293,955
1984,SD,876,90,39,181
1984,TN,7716,1226,427,1888
1984,TX,28067,4179,2399,7902
1984,UT,2630,296,100,670
1984,VA,10190,672,790,2021
1984,VI,0,0,0,0
1984,VT,697,87,34,174
1984,WA,6136,1044,312,1601
1984,WI,9512,746,631,1518
1984,WV,2657,509,110,637
1984,WY,1257,129,97,425
1985,AK,976,121,65,369
1985,AL,6532,1197,398,1790
1985,AR,3324,436,216,778
1985,AS,0,0,0,0
1985,AZ,5989,1915,382,2284
1985,CA,47782,7072,3776,15200
1985,CO,6509,709,644,1885
1985,CT,6469,469,313,907
1985,CZ,0,0,0,0
1985,DC,3340,210,497,294
1985,DE,1173,81,52,194
1985,FL,21864,6327,2052,8396
1985,FS,0,0,0,0
1985,GA,11323,1225,1211,2502
1985,GM,0,0,0,0
1985,HI,2415,155,123,352
1985,IA,3938,488,164,968
1985,ID,1628,61,251,313
1985,IL,25447,2562,1446,4206
1985,IN,8123,1245,559,1770
1985,KS,4204,493,387,1060
1985,KY,4860,777,304,1036
1985,LA,9739,647,1863,1148
1985,MA,13004,763,555,1114
1985,MD,10323,1136,825,1835
1985,ME,1774,269,65,308
1985,MI,17351,1723,1371,2928
1985,MN,5918,669,243,1162
1985,MO,8468,1449,617,1818
1985,MP,0,0,0,0
1985,MS,3545,478,238,835
1985,MT,1371,215,28,430
1985,NB,2527,288,134,702
1985,NC,10609,1119,985,1699
1985,ND,905,101,85,180
1985,NH,1622,150,63,314
1985,NJ,23884,1956,832,3634
1985,NM,2648,556,203,1025
1985,NV,2277,189,201,769
1985,NY,50606,4026,3207,7068
1985,OH,17559,1555,1249,3261
1985,OK,5581,760,340,1419
1985,OR,4058,207,199,1124
1985,OT,0,0,0,0
1985,PA,21641,1569,1087,2042
1985,PR,0,0,0,0
1985,RI,2055,223,47,206
1985,SC,5379,427,323,1024
1985,SD,899,130,45,197
1985,TN,7856,1249,470,1945
1985,TX,29424,4582,2712,8771
1985,UT,2629,404,96,712
1985,VA,10407,698,894,2047
1985,VI,0,0,0,0
1985,VT,738,89,39,190
1985,WA,6229,956,325,1693
1985,WI,9435,689,674,1525
1985,WV,2623,545,103,653
1985,WY,1279,127,90,427
1986,AK,957,298,74,436
1986,AL,6832,1222,501,1846
1986,AR,3324,482,206,807
1986,AS,0,0,0,0
1986,AZ,6350,1975,439,2468
1986,CA,48881,7274,4100,15598
1986,CO,6616,695,734,1877
1986,CT,6441,543,339,950
1986,CZ,0,0,0,0
1986,DC,3348,240,529,297
1986,DE,1146,88,52,193
1986,FL,22635,6909,2240,8847
1986,FS,0,0,0,0
1986,GA,11618,1142,1289,2670
1986,GM,0,0,0,0
1986,HI,2391,208,128,308
1986,IA,3939,472,155,1024
1986,ID,1679,69,255,338
1986,IL,25733,2438,1850,4245
1986,IN,8088,1421,572,1842
1986,KS,4257,564,366,1074
1986,KY,4906,799,358,934
1986,LA,9694,729,1828,1200
1986,MA,13335,781,599,1380
1986,MD,10465,1151,913,1866
1986,ME,1781,268,52,315
1986,MI,17745,1857,1709,3199
1986,MN,5886,773,258,1183
1986,MO,8630,1552,661,1859
1986,MP,0,0,0,0
1986,MS,3495,507,283,899
1986,MT,1360,224,36,432
1986,NB,2498,288,146,711
1986,NC,10800,1220,1065,1734
1986,ND,872,93,84,173
1986,NH,1711,130,74,342
1986,NJ,24419,2050,862,3803
1986,NM,2716,512,198,1035
1986,NV,2304,203,213,810
1986,NY,51667,4123,3786,7467
1986,OH,17336,1974,1256,3431
1986,OK,5527,802,328,1344
1986,OR,4033,219,226,1164
1986,OT,0,0,0,0
1986,PA,21369,1539,1176,2043
1986,PR,0,0,0,0
1986,RI,2053,220,54,212
1986,SC,5620,433,376,1094
1986,SD,913,145,48,187
1986,TN,7964,1272,497,2114
1986,TX,31242,4441,2808,8928
1986,UT,2647,351,117,671
1986,VA,10690,737,923,2177
1986,VI,0,0,0,0
1986,VT,731,90,41,204
1986,WA,6323,949,363,1788
1986,WI,9376,727,666,1609
1986,WV,2573,573,101,598
1986,WY,1223,139,94,434
1987,AK,898,182,66,349
1987,AL,6824,1213,496,1914
1987,AR,3198,612,144,851
1987,AS,0,0,0,0
1987,AZ,6500,2017,491,2585
1987,CA,49143,7190,4328,15635
1987,CO,6682,636,745,2050
1987,CT,6797,507,380,1009
1987,CZ,0,0,0,0
1987,DC,3336,242,573,377
1987,DE,1189,94,62,206
1987,FL,23986,6811,2457,9722
1987,FS,0,0,0,0
1987,GA,12224,1337,1482,2844
1987,GM,0,0,0,0
1987,HI,2461,154,150,381
1987,IA,3925,491,168,1063
1987,ID,1724,82,242,397
1987,IL,25807,2341,2056,4265
1987,IN,8055,1535,595,1942
1987,KS,4443,551,407,1102
1987,KY,4941,702,353,984
1987,LA,9897,583,1957,1352
1987,MA,13723,833,672,1419
1987,MD,10513,1171,982,1914
1987,ME,1808,267,64,326
1987,MI,17967,1869,1769,3250
1987,MN,5982,863,280,1312
1987,MO,8589,1540,674,1953
1987,MP,0,0,0,0
1987,MS,3633,528,279,824
1987,MT,1325,229,33,400
1987,NB,2534,282,151,717
1987,NC,11150,1228,1167,1938
1987,ND,879,93,80,181
1987,NH,1772,140,93,369
1987,NJ,25010,1702,935,4335
1987,NM,2777,556,202,1074
1987,NV,2395,208,225,857
1987,NY,51986,4480,3989,8124
1987,OH,17710,2117,1382,3465
1987,OK,5425,833,326,1482
1987,OR,4056,249,255,1123
1987,OT,0,0,0,0
1987,PA,21099,1660,1322,2227
1987,PR,0,0,0,0
1987,RI,2120,226,59,231
1987,SC,5746,568,399,1196
1987,SD,891,186,42,196
1987,TN,8263,1537,531,2138
1987,TX,29943,6424,2581,9654
1987,UT,2604,398,136,603
1987,VA,10941,744,963,2273
1987,VI,0,0,0,0
1987,VT,762,95,44,215
1987,WA,6392,893,382,1785
1987,WI,9071,747,641,1635
1987,WV,2467,585,105,580
1987,WY,1149,148,94,406
1988,AK,898,182,59,401
1988,AL,6989,1254,510,1962
1988,AR,3238,642,162,911
1988,AS,0,0,0,0
1988,AZ,5690,1776,460,2397
1988,CA,47095,6328,4110,15272
1988,CO,6720,684,770,1994
1988,CT,6837,534,388,1067
1988,CZ,0,0,0,0
1988,DC,3289,281,631,437
1988,DE,1249,197,70,240
1988,FL,25183,7049,2689,10306
1988,FS,0,0,0,0
1988,GA,13082,1279,1609,3071
1988,GM,0,0,0,0
1988,HI,2477,163,166,384
1988,IA,3940,504,173,1078
1988,ID,1753,89,207,429
1988,IL,26478,2718,2245,4832
1988,IN,8092,1564,623,2051
1988,KS,4599,605,395,1181
1988,KY,4923,666,359,1021
1988,LA,9916,563,2028,1196
1988,MA,13898,1088,704,1287
1988,MD,10848,1186,1041,1989
1988,ME,1860,298,75,369
1988,MI,16818,2071,1745,3389
1988,MN,6059,901,301,1367
1988,MO,8673,1574,717,2040
1988,MP,0,0,0,0
1988,MS,3784,478,303,904
1988,MT,1293,242,40,417
1988,NB,2577,310,169,737
1988,NC,11469,1302,1239,1986
1988,ND,876,102,74,192
1988,NH,1858,153,82,438
1988,NJ,25646,1986,1039,4509
1988,NM,2885,450,222,984
1988,NV,2502,239,258,932
1988,NY,51564,4602,4403,10360
1988,OH,17907,2153,1401,3788
1988,OK,5393,790,389,1391
1988,OR,4178,247,261,1229
1988,OT,0,0,0,0
1988,PA,20566,1635,1392,2252
1988,PR,0,0,0,0
1988,RI,2140,227,68,243
1988,SC,5898,516,451,1270
1988,SD,889,180,40,217
1988,TN,8519,1655,633,2159
1988,TX,30253,6830,2654,9969
1988,UT,2542,390,127,644
1988,VA,11391,759,1029,2385
1988,VI,0,0,0,0
1988,VT,803,105,47,214
1988,WA,6625,807,443,1818
1988,WI,9397,792,799,1697
1988,WV,2449,565,92,571
1988,WY,1160,159,96,416
1989,AK,889,150,55,386
1989,AL,7158,1266,564,2033
1989,AR,3331,666,158,958
1989,AS,0,0,0,0
1989,AZ,6812,2201,536,2737
1989,CA,52530,8146,5333,17450
1989,CO,6785,741,788,2001
1989,CT,6814,525,403,1082
1989,CZ,0,0,0,0
1989,DC,3275,283,699,459
1989,DE,1294,214,85,269
1989,FL,26377,7793,2741,11586
1989,FS,0,0,0,0
1989,GA,13716,1549,1785,3287
1989,GM,0,0,0,0
1989,HI,2546,183,167,415
1989,IA,4022,487,193,1094
1989,ID,1763,117,217,440
1989,IL,26369,2710,2338,4912
1989,IN,8086,1713,617,2251
1989,KS,4723,591,418,1235
1989,KY,5020,688,400,1067
1989,LA,10089,625,1992,1290
1989,MA,13917,1057,721,1393
1989,MD,11025,1246,1135,2045
1989,ME,1878,312,81,377
1989,MI,18008,1998,2051,3441
1989,MN,6206,1016,330,1439
1989,MO,8810,1671,769,2114
1989,MP,0,0,0,0
1989,MS,3776,512,292,918
1989,MT,1315,231,42,441
1989,NB,2622,330,184,767
1989,NC,11826,1357,1324,2227
1989,ND,883,102,68,197
1989,NH,1878,166,83,453
1989,NJ,26018,2162,1061,4554
1989,NM,2913,486,215,1009
1989,NV,2655,235,280,1043
1989,NY,51170,4703,4644,10967
1989,OH,17642,2670,1419,4134
1989,OK,5512,1006,358,1513
1989,OR,4331,218,284,1191
1989,OT,0,0,0,0
1989,PA,20740,1682,1577,2333
1989,PR,0,0,0,0
1989,RI,2167,232,74,246
1989,SC,6151,575,464,1327
1989,SD,906,116,42,234
1989,TN,8996,1591,725,2233
1989,TX,30843,7881,2733,10935
1989,UT,2593,322,145,638
1989,VA,11794,813,1063,2522
1989,VI,0,0,0,0
1989,VT,818,157,43,269
1989,WA,6849,870,479,1983
1989,WI,9464,822,812,1843
1989,WV,2427,582,84,586
1989,WY,1148,173,87,430
1990,AK,916,119,72,397
1990,AL,7421,1284,593,2159
1990,AR,3443,764,165,1005
1990,AS,0,0,0,0
1990,AZ,7027,2271,571,2821
1990,CA,54320,8351,5785,18193
1990,CO,6874,762,808,2125
1990,CT,6985,534,428,1127
1990,CZ,0,0,0,0
1990,DC,3809,282,931,499
1990,DE,1720,176,118,341
1990,FL,27407,8577,3004,11954
1990,FS,0,0,0,0
1990,GA,14432,1564,1923,3457
1990,GM,0,0,0,0
1990,HI,2645,255,186,360
1990,IA,4114,521,208,1126
1990,ID,1763,115,221,469
1990,IL,26699,2979,2597,6313
1990,IN,8230,1759,628,2321
1990,KS,4971,655,435,1309
1990,KY,5191,760,435,1064
1990,LA,10539,568,2103,1305
1990,MA,13711,966,764,1577
1990,MD,11391,1329,1270,2196
1990,ME,1901,279,86,359
1990,MI,17878,1861,2025,3484
1990,MN,6343,911,369,1602
1990,MO,9139,1675,804,2253
1990,MP,0,0,0,0
1990,MS,3855,569,308,937
1990,MT,1336,216,46,440
1990,NB,2717,290,193,782
1990,NC,12468,1599,1400,2616
1990,ND,882,98,72,200
1990,NH,1897,157,84,457
1990,NJ,26343,2082,1193,4649
1990,NM,3013,439,237,1001
1990,NV,2799,268,295,1102
1990,NY,51163,4447,5119,10693
1990,OH,17975,2912,1565,4299
1990,OK,5610,1023,378,1635
1990,OR,4417,263,307,1259
1990,OT,0,0,0,0
1990,PA,21248,1647,1781,2412
1990,PR,0,0,0,0
1990,RI,2185,286,91,246
1990,SC,6458,637,465,1458
1990,SD,938,194,53,242
1990,TN,9053,1676,766,2724
1990,TX,32233,8232,2869,11733
1990,UT,2827,244,189,529
1990,VA,12341,889,1169,2631
1990,VI,0,0,0,0
1990,VT,835,109,47,218
1990,WA,7221,1266,502,1960
1990,WI,9457,854,906,1961
1990,WV,2459,542,91,544
1990,WY,1181,194,83,421
1991,AK,964,164,70,450
1991,AL,8806,1577,702,2539
1991,AR,3535,832,181,1080
1991,AS,0,0,0,0
1991,AZ,7119,2265,599,2923
1991,CA,55381,8847,6111,19062
1991,CO,7735,907,967,2387
1991,CT,6724,477,427,1099
1991,CZ,0,0,0,0
1991,DC,3546,217,956,429
1991,DE,1740,181,121,335
1991,FL,27868,9116,3135,12294
1991,FS,0,0,0,0
1991,GA,15890,1874,2148,4060
1991,GM,0,0,0,0
1991,HI,2755,198,171,445
1991,IA,4676,605,230,1244
1991,ID,1941,153,269,568
1991,IL,27040,3111,2784,6613
1991,IN,8368,1811,673,2399
1991,KS,5080,694,450,1343
1991,KY,5274,850,456,1058
1991,LA,10914,559,2470,1078
1991,MA,13255,862,805,1524
1991,MD,11737,1326,1375,2329
1991,ME,1871,278,83,323
1991,MI,17231,2452,1915,3530
1991,MN,6354,1005,382,1695
1991,MO,9121,1683,833,2240
1991,MP,0,0,0,0
1991,MS,3940,550,288,923
1991,MT,1356,252,51,465
1991,NB,2753,280,200,812
1991,NC,14475,1931,1527,3038
1991,ND,1006,112,79,222
1991,NH,1876,156,87,449
1991,NJ,26110,2212,1238,4586
1991,NM,3177,504,264,1076
1991,NV,2579,264,299,1017
1991,NY,51357,4391,5302,10736
1991,OH,18479,2624,1670,4467
1991,OK,6364,1031,505,1853
1991,OR,4477,287,315,1224
1991,OT,0,0,0,0
1991,PA,21264,1833,1821,2689
1991,PR,0,0,0,0
1991,RI,2173,248,96,274
1991,SC,7274,572,582,1537
1991,SD,986,171,54,246
1991,TN,8994,1930,753,2790
1991,TX,33992,8762,3387,12477
1991,UT,3902,284,311,795
1991,VA,13716,1031,1376,3035
1991,VI,0,0,0,0
1991,VT,843,103,47,243
1991,WA,7684,1038,538,2145
1991,WI,9765,956,949,2229
1991,WV,2566,516,95,566
1991,WY,1228,156,85,437
1992,AK,954,121,70,431
1992,AL,8969,1460,840,2575
1992,AR,3681,803,193,1118
1992,AS,0,0,0,0
1992,AZ,6971,2497,655,2921
1992,CA,54675,8879,6021,19087
1992,CO,7388,825,980,2294
1992,CT,6741,517,425,1143
1992,CZ,0,0,0,0
1992,DC,3438,242,986,541
1992,DE,1774,184,129,341
1992,FL,28203,9105,3277,12838
1992,FS,0,0,0,0
1992,GA,16554,2792,2333,4420
1992,GM,0,0,0,0
1992,HI,2810,197,192,479
1992,IA,5080,602,243,1334
1992,ID,2434,229,254,755
1992,IL,26872,3235,3004,5720
1992,IN,8531,1789,694,2478
1992,KS,5391,726,484,1390
1992,KY,6238,858,585,1209
1992,LA,10898,693,2243,1418
1992,MA,13779,905,836,1497
1992,MD,11242,1319,1396,2246
1992,ME,1911,274,83,333
1992,MI,17225,2526,1989,3630
1992,MN,6377,1024,421,1645
1992,MO,9214,1803,845,2286
1992,MP,0,0,0,0
1992,MS,4029,699,260,1042
1992,MT,1413,255,58,504
1992,NB,2756,267,209,800
1992,NC,15370,2141,1687,3222
1992,ND,1093,138,86,229
1992,NH,1886,160,85,440
1992,NJ,26114,2253,1288,4677
1992,NM,3194,534,248,1249
1992,NV,3002,337,363,1093
1992,NY,52309,4782,5693,10709
1992,OH,19700,2635,1841,4629
1992,OK,5882,1401,426,1596
1992,OR,4423,269,333,1258
1992,OT,0,0,0,0
1992,PA,21389,1643,1856,2388
1992,PR,0,0,0,0
1992,RI,2145,235,104,256
1992,SC,7196,766,586,1630
1992,SD,1024,168,63,231
1992,TN,9135,2076,767,2832
1992,TX,35372,8557,3511,12675
1992,UT,3227,163,285,668
1992,VA,13836,1049,1362,3078
1992,VI,0,0,0,0
1992,VT,841,111,47,217
1992,WA,7915,1072,583,2299
1992,WI,10250,1059,1038,2287
1992,WV,2600,539,99,576
1992,WY,1228,173,87,411
1993,AK,1010,167,72,448
1993,AL,8043,1524,676,2396
1993,AR,3748,885,211,1161
1993,AS,0,0,0,0
1993,AZ,7205,2586,685,2999
1993,CA,53868,9060,6050,18226
1993,CO,8287,902,1090,2509
1993,CT,6725,534,455,1164
1993,CZ,0,0,0,0
1993,DC,3425,283,965,549
1993,DE,1922,212,157,356
1993,FL,29491,9802,3539,13904
1993,FS,0,0,0,0
1993,GA,18563,3382,2432,5517
1993,GM,0,0,0,0
1993,HI,2816,221,175,460
1993,IA,4931,539,257,1314
1993,ID,2068,149,206,604
1993,IL,31707,4071,3498,7722
1993,IN,8416,2034,639,2616
1993,KS,5528,766,463,1472
1993,KY,6328,853,593,1242
1993,LA,11237,763,2297,1634
1993,MA,14111,964,907,1528
1993,MD,11510,1377,1432,2340
1993,ME,1925,305,82,358
1993,MI,17171,2450,1971,3915
1993,MN,6899,1137,491,1769
1993,MO,9396,1735,853,2438
1993,MP,0,0,0,0
1993,MS,4226,703,295,1125
1993,MT,1408,273,61,512
1993,NB,2759,284,225,818
1993,NC,15833,2264,1707,3312
1993,ND,1019,130,69,229
1993,NH,1892,162,89,450
1993,NJ,26173,2293,1353,4671
1993,NM,3196,463,236,1048
1993,NV,3005,282,359,1143
1993,NY,52834,4917,5945,10909
1993,OH,20027,2828,1991,4645
1993,OK,5810,1232,435,1651
1993,OR,4483,297,369,1261
1993,OT,0,0,0,0
1993,PA,21408,1435,1928,2369
1993,PR,0,0,0,0
1993,RI,2167,242,107,276
1993,SC,7326,790,631,1643
1993,SD,1021,193,49,229
1993,TN,9389,1998,860,2888
1993,TX,35537,10458,3545,13508
1993,UT,4066,202,356,812
1993,VA,14375,1729,1466,3497
1993,VI,0,0,0,0
1993,VT,896,111,52,229
1993,WA,8187,1148,644,2370
1993,WI,10436,1039,1146,2347
1993,WV,2588,528,99,541
1993,WY,1075,159,59,419
1994,AK,998,139,75,439
1994,AL,8179,1505,696,2505
1994,AR,3965,967,250,1251
1994,AS,0,0,0,0
1994,AZ,7429,2536,741,2995
1994,CA,54494,9214,6316,18783
1994,CO,8666,1302,1105,2877
1994,CT,6749,581,480,1186
1994,CZ,0,0,0,0
1994,DC,3190,236,935,419
1994,DE,1924,221,170,374
1994,FL,31431,10693,3845,15010
1994,FS,0,0,0,0
1994,GA,26218,5271,4405,8084
1994,GM,0,0,0,0
1994,HI,2662,251,190,478
1994,IA,4807,643,270,1311
1994,ID,1945,134,133,679
1994,IL,35067,4319,3829,7545
1994,IN,8515,2240,647,2678
1994,KS,5683,797,479,1535
1994,KY,6478,795,596,1258
1994,LA,11628,1098,2053,2105
1994,MA,15324,1103,1051,1559
1994,MD,11876,1583,1551,2404
1994,ME,1879,317,92,341
1994,MI,17512,2697,2093,3809
1994,MN,6962,1230,517,1809
1994,MO,9796,1942,917,2452
1994,MP,0,0,0,0
1994,MS,4477,772,299,1296
1994,MT,1416,276,69,498
1994,NB,2767,315,240,854
1994,NC,16255,2745,1753,3697
1994,ND,997,124,67,242
1994,NH,1910,174,93,459
1994,NJ,26386,2345,1406,4676
1994,NM,3278,484,247,1065
1994,NV,3210,328,400,1217
1994,NY,54117,4633,6464,11186
1994,OH,20583,3281,2109,4879
1994,OK,5926,1232,431,1650
1994,OR,4688,296,420,1297
1994,OT,0,0,0,0
1994,PA,21845,1502,1979,2524
1994,PR,0,0,0,0
1994,RI,2234,263,117,279
1994,SC,7544,966,617,1577
1994,SD,1033,254,43,295
1994,TN,9812,2277,883,3150
1994,TX,36629,11162,3760,14260
1994,UT,3678,591,265,970
1994,VA,14122,1646,1446,3474
1994,VI,0,0,0,0
1994,VT,828,117,48,213
1994,WA,8116,1119,687,2379
1994,WI,10388,1142,1188,2415
1994,WV,2734,521,104,540
1994,WY,1087,138,56,364
1995,AK,1051,180,83,457
1995,AL,8492,1708,699,2588
1995,AR,4389,859,354,1319
1995,AS,0,0,0,0
1995,AZ,7879,2710,827,3268
1995,CA,56345,9826,6873,19357
1995,CO,9755,1799,1227,3258
1995,CT,6891,578,532,1138
1995,CZ,0,0,0,0
1995,DC,2826,210,865,448
1995,DE,1936,216,171,374
1995,FL,32363,11149,4020,15377
1995,FS,0,0,0,0
1995,GA,27032,6069,4491,9032
1995,GM,0,0,0,0
1995,HI,2619,226,186,478
1995,IA,4684,624,271,1280
1995,ID,2092,154,137,697
1995,IL,29282,3289,3649,6200
1995,IN,8765,2207,684,2688
1995,KS,5854,908,441,1578
1995,KY,6581,877,639,1284
1995,LA,11866,1340,2041,2308
1995,MA,15079,1215,1062,1718
1995,MD,11901,1554,1627,2381
1995,ME,1942,318,91,331
1995,MI,19469,3280,2383,4304
1995,MN,7101,1268,562,1951
1995,MO,10223,1818,966,2605
1995,MP,0,0,0,0
1995,MS,4623,893,305,1384
1995,MT,1488,327,73,511
1995,NB,2832,367,266,887
1995,NC,16800,3056,1780,3785
1995,ND,1058,146,67,267
1995,NH,1946,184,108,451
1995,NJ,26554,2481,1472,4865
1995,NM,3461,492,262,1141
1995,NV,3358,363,403,1286
1995,NY,60977,4681,7886,11311
1995,OH,20522,4070,2161,5064
1995,OK,6226,1615,448,1682
1995,OR,5625,430,585,1605
1995,OT,0,0,0,0
1995,PA,22013,1546,2147,2643
1995,PR,0,0,0,0
1995,RI,2217,260,125,292
1995,SC,8944,873,822,2150
1995,SD,1077,273,47,291
1995,TN,9867,2523,919,3154
1995,TX,39301,10622,4189,14251
1995,UT,4681,355,428,1007
1995,VA,16344,1346,1657,3538
1995,VI,0,0,0,0
1995,VT,865,118,62,228
1995,WA,8349,1212,755,2346
1995,WI,10668,1216,1301,2492
1995,WV,2864,480,112,539
1995,WY,1108,119,60,389
1996,AK,1072,178,84,475
1996,AL,8794,1764,719,2894
1996,AR,4612,901,392,1381
1996,AS,0,0,0,0
1996,AZ,8144,3036,881,3534
1996,CA,58997,10173,7342,20666
1996,CO,10961,1565,1512,3853
1996,CT,7869,839,601,1450
1996,CZ,0,0,0,0
1996,DC,2738,251,894,508
1996,DE,1930,214,178,393
1996,FL,33107,10106,4243,15624
1996,FS,0,0,0,0
1996,GA,26892,5738,4560,8673
1996,GM,0,0,0,0
1996,HI,2676,201,203,500
1996,IA,4768,611,386,1419
1996,ID,2356,167,166,737
1996,IL,29128,3722,3723,6422
1996,IN,9006,2298,700,2887
1996,KS,5888,991,443,1668
1996,KY,6639,1071,655,1316
1996,LA,11937,1401,2195,2458
1996,MA,16179,1356,1234,1728
1996,MD,11958,1533,1679,2402
1996,ME,1940,311,100,342
1996,MI,19893,3010,2457,4302
1996,MN,7269,1251,648,2053
1996,MO,10389,1818,997,2842
1996,MP,0,0,0,0
1996,MS,4876,894,344,1398
1996,MT,1521,340,78,559
1996,NB,2930,295,281,875
1996,NC,17287,3212,1853,4122
1996,ND,1129,138,73,261
1996,NH,2011,214,127,453
1996,NJ,26843,2492,1586,4859
1996,NM,3545,471,281,1144
1996,NV,3519,374,429,1375
1996,NY,60568,6024,7926,11534
1996,OH,21031,4115,2348,5555
1996,OK,6234,1400,473,1704
1996,OR,4954,405,453,1552
1996,OT,0,0,0,0
1996,PA,22098,1554,2290,2682
1996,PR,0,0,0,0
1996,RI,2217,239,128,297
1996,SC,7906,1002,763,1822
1996,SD,1096,277,49,326
1996,TN,10631,2524,1029,3452
1996,TX,40172,10978,4281,14391
1996,UT,4268,957,304,1298
1996,VA,17066,1423,1832,3640
1996,VI,0,0,0,0
1996,VT,1213,109,84,305
1996,WA,8626,1460,790,2555
1996,WI,10763,1278,1330,2679
1996,WV,2994,509,121,579
1996,WY,1197,173,76,434
1997,AK,781,110,76,334
1997,AL,8238,1591,725,2618
1997,AR,4229,851,373,1314
1997,AS,0,0,0,0
1997,AZ,7470,2748,852,3256
1997,CA,53569,9170,6998,19175
1997,CO,8410,1248,1269,2748
1997,CT,6138,366,489,908
1997,CZ,0,0,0,0
1997,DC,3268,328,955,553
1997,DE,1389,118,149,251
1997,FL,33464,9789,4504,14902
1997,FS,0,0,0,0
1997,GA,26234,5190,4873,7915
1997,GM,0,0,0,0
1997,HI,2838,257,228,597
1997,IA,4798,668,299,1476
1997,ID,2091,157,138,714
1997,IL,27828,2620,3742,5359
1997,IN,9334,2224,723,3086
1997,KS,6059,936,485,1706
1997,KY,6842,1054,642,1318
1997,LA,12761,1356,2533,2666
1997,MA,15495,1262,1224,1694
1997,MD,12401,1688,1793,2589
1997,ME,1959,290,112,337
1997,MI,18627,2472,2483,4141
1997,MN,7383,1315,691,2113
1997,MO,10654,1970,1038,2984
1997,MP,0,0,0,0
1997,MS,4964,1104,382,1516
1997,MT,1584,354,78,559
1997,NB,3017,331,313,961
1997,NC,17714,3329,1918,4161
1997,ND,1097,137,72,254
1997,NH,2104,204,122,497
1997,NJ,27827,2671,1726,5078
1997,NM,3567,477,286,1147
1997,NV,3691,407,441,1451
1997,NY,62132,6011,8055,11617
1997,OH,21797,4267,2523,5815
1997,OK,6299,1419,505,1815
1997,OR,4989,450,477,1521
1997,OT,0,0,0,0
1997,PA,22253,1522,2424,2757
1997,PR,0,0,0,0
1997,RI,2249,246,137,285
1997,SC,8295,918,847,1827
1997,SD,1101,287,51,327
1997,TN,13922,2867,1291,4026
1997,TX,39777,11764,4289,15252
1997,UT,4284,963,315,1216
1997,VA,17099,1494,1904,3779
1997,VI,0,0,0,0
1997,VT,942,87,73,218
1997,WA,8839,1420,851,2501
1997,WI,10966,1335,1395,2788
1997,WV,2968,489,115,564
1997,WY,1119,254,58,455
1998,AK,1019,202,94,457
1998,AL,9323,1779,743,3041
1998,AR,5017,1067,460,1623
1998,AS,0,0,0,0
1998,AZ,8825,3192,1002,3919
1998,CA,60913,10764,7934,21333
1998,CO,9040,1383,1336,3041
1998,CT,8540,876,687,1571
1998,CZ,0,0,0,0
1998,DC,3205,291,927,456
1998,DE,2058,302,206,450
1998,FL,33286,10732,4572,15197
1998,FS,0,0,0,0
1998,GA,27350,4777,5020,7908
1998,GM,0,0,0,0
1998,HI,2847,230,162,651
1998,IA,4725,710,322,1381
1998,ID,2357,181,154,807
1998,IL,30097,3233,4168,6231
1998,IN,10029,2450,816,3446
1998,KS,6188,973,510,1786
1998,KY,7124,831,695,1322
1998,LA,13071,1484,2649,2796
1998,MA,15650,1326,1215,1930
1998,MD,12764,1599,1864,2618
1998,ME,2022,316,117,359
1998,MI,18775,2784,2600,4159
1998,MN,7490,1563,745,2266
1998,MO,10894,1925,1121,3103
1998,MP,0,0,0,0
1998,MS,5076,1161,415,1784
1998,MT,1543,382,84,605
1998,NB,2934,333,316,910
1998,NC,17530,3271,1927,4194
1998,ND,1088,136,74,246
1998,NH,2222,229,132,532
1998,NJ,28066,2728,1809,5022
1998,NM,3667,605,299,1197
1998,NV,3490,967,399,1734
1998,NY,58624,5351,7941,11469
1998,OH,21057,4578,2359,6032
1998,OK,6418,1394,503,1937
1998,OR,4998,512,474,1614
1998,OT,0,0,0,0
1998,PA,22496,1535,2638,2788
1998,PR,0,0,0,0
1998,RI,2262,278,138,328
1998,SC,8731,988,991,2057
1998,SD,1124,277,54,328
1998,TN,14966,4805,1516,5086
1998,TX,41398,11132,4569,15462
1998,UT,4847,992,411,1438
1998,VA,16871,1416,1826,3527
1998,VI,0,0,0,0
1998,VT,905,91,65,205
1998,WA,8916,1501,900,2670
1998,WI,10879,1472,1439,2950
1998,WV,3674,482,136,652
1998,WY,1121,153,72,451
1999,AK,1066,193,103,495
1999,AL,9475,1796,777,3050
1999,AR,5525,1017,624,1699
1999,AS,0,0,0,0
1999,AZ,9242,3315,1077,4071
1999,CA,65383,12781,8853,23967
1999,CO,9422,1613,1311,3284
1999,CT,8145,707,728,1398
1999,CZ,0,0,0,0
1999,DC,3186,289,918,506
1999,DE,2160,354,268,588
1999,FL,34680,10513,4772,15933
1999,FS,0,0,0,0
1999,GA,21491,3458,3179,6120
1999,GM,0,0,0,0
1999,HI,2897,234,251,592
1999,IA,4950,785,336,1555
1999,ID,2427,162,178,823
1999,IL,30075,3254,4347,6306
1999,IN,10087,2441,808,3525
1999,KS,6245,1091,524,1834
1999,KY,7247,830,686,1440
1999,LA,14108,1160,2950,2673
1999,MA,15951,1349,1337,1858
1999,MD,12733,1654,1901,2718
1999,ME,2058,303,123,374
1999,MI,19402,2985,2669,4524
1999,MN,7580,1637,806,2292
1999,MO,11069,1978,1152,3130
1999,MP,0,0,0,0
1999,MS,5279,1124,467,1931
1999,MT,1552,426,89,606
1999,NB,2943,306,325,869
1999,NC,18230,3765,2049,4739
1999,ND,1105,148,83,257
1999,NH,2509,249,160,599
1999,NJ,28459,2839,1920,5193
1999,NM,3762,593,323,1227
1999,NV,4043,579,482,1687
1999,NY,58631,7185,8033,19664
1999,OH,21561,4720,2455,6210
1999,OK,6413,1358,522,1992
1999,OR,5152,473,533,1620
1999,OT,0,0,0,0
1999,PA,23120,1632,2740,2910
1999,PR,0,0,0,0
1999,RI,2259,286,141,362
1999,SC,8933,1478,1030,2478
1999,SD,1159,297,57,320
1999,TN,17488,5111,1808,5897
1999,TX,42077,11964,4617,15774
1999,UT,5710,409,660,1375
1999,VA,18239,1534,2058,3788
1999,VI,0,0,0,0
1999,VT,921,103,76,204
1999,WA,9166,1488,980,2679
1999,WI,12718,1639,1878,3323
1999,WV,3525,409,131,600
1999,WY,1149,159,84,467
2000,AK,1055,200,103,475
2000,AL,9529,1847,769,3176
2000,AR,5425,1103,550,1789
2000,AS,0,0,0,0
2000,AZ,9347,3334,1108,4260
2000,CA,64375,12547,8720,23552
2000,CO,9953,1606,1420,3484
2000,CT,8707,1074,729,1644
2000,CZ,0,0,0,0
2000,DC,3316,328,931,715
2000,DE,2371,382,278,631
2000,FL,36004,10016,5279,16340
2000,FS,0,0,0,0
2000,GA,21778,3991,3050,6952
2000,GM,253,23,13,42
2000,HI,3031,246,254,612
2000,IA,4958,892,342,1659
2000,ID,2438,191,149,850
2000,IL,31965,5742,5136,7661
2000,IN,10287,2722,898,3604
2000,KS,7866,1410,640,2280
2000,KY,7534,902,677,1557
2000,LA,14058,1214,3190,2708
2000,MA,16410,1450,1364,1911
2000,MD,12915,1767,1991,2785
2000,ME,2094,322,127,398
2000,MI,19773,3199,2991,5010
2000,MN,7612,1675,837,2478
2000,MO,11000,1986,1136,3169
2000,MP,0,0,0,0
2000,MS,5416,1100,484,1784
2000,MT,1472,475,77,623
2000,NB,3077,346,333,968
2000,NC,18599,3298,2089,4640
2000,ND,1108,154,85,263
2000,NH,2484,266,146,616
2000,NJ,28639,2877,2079,5274
2000,NM,3869,427,328,1234
2000,NV,4316,591,512,1734
2000,NY,59330,7269,8390,14125
2000,OH,22142,4446,2561,6421
2000,OK,6539,1434,530,1998
2000,OR,5217,511,544,1662
2000,OT,0,0,0,0
2000,PA,23062,1670,2799,2983
2000,PR,0,0,0,0
2000,RI,2311,309,148,360
2000,SC,10165,1034,1112,2303
2000,SD,1325,297,71,383
2000,TN,17351,4980,1924,7695
2000,TX,42896,11937,4757,16204
2000,UT,4906,1428,442,1659
2000,VA,15921,1259,1848,3469
2000,VI,0,0,0,0
2000,VT,936,130,79,269
2000,WA,9375,1550,1031,2723
2000,WI,11364,1569,1713,3219
2000,WV,3387,415,109,558
2000,WY,1138,164,81,461
2001,AK,1097,198,107,463
2001,AL,9482,1871,755,3336
2001,AR,5849,1134,657,1928
2001,AS,0,0,0,0
2001,AZ,9728,3333,1143,4433
2001,CA,64644,12730,8872,23372
2001,CO,10406,1840,1533,3746
2001,CT,8758,922,766,1540
2001,CZ,0,0,0,0
2001,DC,3598,345,971,542
2001,DE,2468,426,323,694
2001,FL,36563,8705,5358,16240
2001,FS,0,0,0,0
2001,GA,29457,5677,5232,9548
2001,GM,0,0,0,0
2001,HI,2911,244,268,632
2001,IA,5084,881,347,1690
2001,ID,2494,196,153,969
2001,IL,31822,6560,5249,7443
2001,IN,10307,3154,830,3856
2001,KS,7789,1638,656,2398
2001,KY,7928,937,716,1624
2001,LA,13702,1435,3129,3164
2001,MA,16086,1495,1364,1950
2001,MD,13078,1863,2073,2882
2001,ME,2116,290,127,395
2001,MI,19748,2827,3037,4554
2001,MN,7683,1742,879,2616
2001,MO,11120,2056,1151,3351
2001,MP,0,0,0,0
2001,MS,5403,1381,440,2065
2001,MT,1568,502,92,661
2001,NB,3212,306,345,987
2001,NC,18956,3793,2200,5091
2001,ND,1086,141,80,266
2001,NH,2695,289,172,662
2001,NJ,28907,3094,2162,5417
2001,NM,3683,445,345,1116
2001,NV,4100,1048,418,1967
2001,NY,58531,7771,8422,15896
2001,OH,22791,4605,2678,6637
2001,OK,6671,1487,533,2017
2001,OR,5354,511,559,1794
2001,OT,0,0,0,0
2001,PA,23181,1722,2793,3013
2001,PR,0,0,0,0
2001,RI,2293,289,155,346
2001,SC,10318,1190,1167,2431
2001,SD,1332,329,76,461
2001,TN,14525,3545,1545,5730
2001,TX,43829,12469,4917,16720
2001,UT,4780,1466,442,1681
2001,VA,16066,1431,1912,3616
2001,VI,0,0,0,0
2001,VT,945,112,73,238
2001,WA,9586,1450,1024,2880
2001,WI,11374,1678,1798,3248
2001,WV,3419,401,114,571
2001,WY,1188,235,82,541
2002,AK,1091,219,112,482
2002,AL,9523,1909,769,3218
2002,AR,6062,1236,711,2035
2002,AS,0,0,0,0
2002,AZ,9851,3234,1185,4565
2002,CA,67224,14868,9410,25690
2002,CO,10198,1529,1508,3554
2002,CT,8729,976,793,1640
2002,CZ,0,0,0,0
2002,DC,3633,348,990,665
2002,DE,2761,436,338,714
2002,FL,37270,11099,5517,17672
2002,FS,0,0,0,0
2002,GA,21578,3567,3206,6359
2002,GM,0,0,0,0
2002,HI,2946,247,274,611
2002,IA,4976,924,357,1702
2002,ID,2495,240,155,977
2002,IL,31344,6190,5293,7892
2002,IN,10489,3195,861,3945
2002,KS,7307,1639,588,2162
2002,KY,8216,901,706,1676
2002,LA,13987,1955,3543,3654
2002,MA,16334,1515,1420,2054
2002,MD,13203,1985,2125,2956
2002,ME,2114,338,134,410
2002,MI,21438,3616,3290,5054
2002,MN,7711,1856,901,2712
2002,MO,12149,2159,1250,3539
2002,MP,0,0,0,0
2002,MS,5412,1334,465,2094
2002,MT,1596,502,96,683
2002,NB,3209,288,352,1027
2002,NC,18982,3885,2222,5109
2002,ND,1083,172,86,272
2002,NH,2934,310,189,707
2002,NJ,28848,3098,2178,5490
2002,NM,3792,434,363,1092
2002,NV,4415,1157,511,2249
2002,NY,57182,7324,8328,15166
2002,OH,22962,4664,2690,6600
2002,OK,6705,1447,526,2052
2002,OR,5447,461,585,1735
2002,OT,0,0,0,0
2002,PA,23658,1852,2823,3080
2002,PR,0,0,0,0
2002,RI,2331,286,163,355
2002,SC,10064,1514,1171,2531
2002,SD,1318,360,72,450
2002,TN,14812,3536,1624,6341
2002,TX,43832,13161,4980,17103
2002,UT,4377,971,379,1284
2002,VA,15777,1535,1850,3655
2002,VI,0,0,0,0
2002,VT,959,145,72,273
2002,WA,9697,1273,1039,2770
2002,WI,11400,1675,1816,3318
2002,WV,3342,398,106,622
2002,WY,1183,246,87,513
2003,AK,1063,212,111,470
2003,AL,9725,1906,752,3344
2003,AR,6668,1379,739,2308
2003,AS,0,0,0,0
2003,AZ,10008,3339,1188,4616
2003,CA,67944,14051,9680,26216
2003,CO,10089,1594,1531,3569
2003,CT,7870,723,784,1203
2003,CZ,0,0,0,0
2003,DC,3544,346,965,561
2003,DE,2625,444,399,813
2003,FL,37391,10233,5993,16686
2003,FS,0,0,0,0
2003,GA,29938,5742,5394,9331
2003,GM,0,0,0,0
2003,HI,2969,246,268,615
2003,IA,4985,939,358,1694
2003,ID,2538,233,161,950
2003,IL,31563,6064,5444,7720
2003,IN,10543,3243,857,3822
2003,KS,7630,1390,709,2244
2003,KY,9660,1129,973,1989
2003,LA,14140,1445,3180,3643
2003,MA,15658,1352,1375,1928
2003,MD,13179,1830,2109,2924
2003,ME,2163,338,133,395
2003,MI,20582,3658,3190,4858
2003,MN,7676,1785,926,2641
2003,MO,12292,2166,1261,3550
2003,MP,0,0,0,0
2003,MS,5389,1354,488,1979
2003,MT,1646,574,102,708
2003,NB,3270,348,367,1076
2003,NC,19491,3989,2264,5164
2003,ND,1125,145,85,278
2003,NH,2432,243,168,589
2003,NJ,29369,3120,2396,5630
2003,NM,3785,435,364,1055
2003,NV,4238,1099,470,2069
2003,NY,50205,6310,6581,13189
2003,OH,22841,4588,2793,6604
2003,OK,6658,1414,534,2042
2003,OR,5587,451,573,1825
2003,OT,0,0,0,0
2003,PA,23645,1773,2804,3097
2003,PR,0,0,0,0
2003,RI,2344,291,171,347
2003,SC,9956,1459,1174,2524
2003,SD,1250,352,78,398
2003,TN,14774,3536,1620,5668
2003,TX,45705,13560,5299,17300
2003,UT,4573,1082,403,1464
2003,VA,16019,1534,1969,3826
2003,VI,0,0,0,0
2003,VT,974,118,75,256
2003,WA,9746,1427,1022,2890
2003,WI,12897,1857,2200,3678
2003,WV,3603,388,123,600
2003,WY,1247,260,105,538
2004,AK,1125,218,127,470
2004,AL,9820,1989,769,3393
2004,AR,6337,1242,820,2093
2004,AS,0,0,0,0
2004,AZ,10444,3925,1229,4941
2004,CA,66821,13925,9611,25721
2004,CO,10191,1686,1559,3665
2004,CT,7718,730,787,1217
2004,CZ,0,0,0,0
2004,DC,3744,315,1020,510
2004,DE,2561,464,348,697
2004,FL,38810,10590,6320,17961
2004,FS,0,0,0,0
2004,GA,30015,5569,5423,9066
2004,GM,0,0,0,0
2004,HI,2863,237,270,582
2004,IA,4841,913,370,1698
2004,ID,2705,248,178,1056
2004,IL,31322,6240,5595,7560
2004,IN,10637,3222,872,3832
2004,KS,7283,1082,677,2065
2004,KY,9139,1143,850,2035
2004,LA,14359,1507,3327,3742
2004,MA,15754,1515,1380,1998
2004,MD,14624,2208,2277,3318
2004,ME,2170,316,140,423
2004,MI,20260,3803,3169,4807
2004,MN,7762,1800,931,2721
2004,MO,12357,2185,1271,3481
2004,MP,0,0,0,0
2004,MS,5525,1415,480,2190
2004,MT,2398,766,158,1035
2004,NB,3282,404,386,1044
2004,NC,19854,4288,2380,5357
2004,ND,1200,146,91,313
2004,NH,2375,243,180,590
2004,NJ,29265,3316,2496,5710
2004,NM,3830,476,392,1055
2004,NV,4310,1153,467,2135
2004,NY,56095,7723,8399,15834
2004,OH,23034,4748,2786,6640
2004,OK,6604,1392,528,2087
2004,OR,5218,543,558,1741
2004,OT,0,0,0,0
2004,PA,23557,1805,2816,3070
2004,PR,0,0,0,0
2004,RI,3458,443,241,514
2004,SC,10613,1583,1220,2794
2004,SD,1621,443,112,524
2004,TN,14909,3661,1698,5863
2004,TX,45576,13563,5273,17294
2004,UT,4488,1192,348,1425
2004,VA,16059,1493,1977,3805
2004,VI,0,0,0,0
2004,VT,1007,114,77,236
2004,WA,9298,1492,986,2792
2004,WI,11436,1824,1929,3442
2004,WV,3319,369,102,578
2004,WY,1206,201,104,496
2005,AK,1097,201,119,468
2005,AL,9910,1929,782,3294
2005,AR,6321,1268,722,2151
2005,AS,0,0,0,0
2005,AZ,10813,4391,1254,5178
2005,CA,66976,14305,9726,25744
2005,CO,10478,1672,1630,3575
2005,CT,7647,715,795,1201
2005,CZ,0,0,0,0
2005,DC,3759,327,1008,430
2005,DE,2631,411,364,723
2005,FL,37776,11034,6189,18307
2005,FS,0,0,0,0
2005,GA,30285,5527,5514,9124
2005,GM,0,0,0,0
2005,HI,2963,242,280,608
2005,IA,4890,939,380,1721
2005,ID,2908,226,202,1135
2005,IL,31390,7010,5627,7899
2005,IN,10659,2907,853,3711
2005,KS,7282,1345,673,2213
2005,KY,9407,1010,863,1801
2005,LA,14111,1272,3244,3094
2005,MA,15586,1413,1390,2011
2005,MD,13245,2008,2101,3040
2005,ME,2141,293,131,399
2005,MI,19809,3508,3019,4668
2005,MN,7484,1758,944,2747
2005,MO,12095,2295,1272,3516
2005,MP,0,0,0,0
2005,MS,5470,1489,476,2212
2005,MT,1685,510,114,776
2005,NB,3274,376,387,1032
2005,NC,20071,4492,2434,5348
2005,ND,1152,133,99,294
2005,NH,2433,234,189,601
2005,NJ,29781,3288,2549,5789
2005,NM,3948,494,381,1140
2005,NV,4463,1345,522,2228
2005,NY,56203,7760,8604,15737
2005,OH,23047,4575,2688,6461
2005,OK,6585,1677,547,2323
2005,OR,5391,521,574,1775
2005,OT,0,0,0,0
2005,PA,23699,1876,2766,3109
2005,PR,0,0,0,0
2005,RI,2385,308,181,351
2005,SC,10794,1651,1288,2722
2005,SD,1586,459,96,572
2005,TN,14671,3941,1547,6062
2005,TX,45914,13655,5464,17882
2005,UT,4450,1212,392,1481
2005,VA,16072,1430,1982,3672
2005,VI,0,0,0,0
2005,VT,1163,153,100,293
2005,WA,9630,1359,1024,2821
2005,WI,11505,1710,1894,3299
2005,WV,3342,348,103,568
2005,WY,1228,99,112,398
2006,AK,1133,237,126,485
2006,AL,9910,2039,776,3505
2006,AR,6248,1290,713,2186
2006,AS,0,0,0,0
2006,AZ,10983,4528,1288,5383
2006,CA,68129,14924,9937,26444
2006,CO,10561,1674,1639,3716
2006,CT,7651,753,804,1199
2006,CZ,0,0,0,0
2006,DC,3782,346,1014,451
2006,DE,2520,384,351,663
2006,FL,41497,10566,6832,18450
2006,FS,0,0,0,0
2006,GA,30548,5691,5725,9435
2006,GM,0,0,0,0
2006,HI,3033,251,284,611
2006,IA,4915,1007,385,1696
2006,ID,2726,265,200,1134
2006,IL,31651,7025,5764,7825
2006,IN,10573,3057,832,3779
2006,KS,7798,1493,763,2265
2006,KY,9682,924,839,1746
2006,LA,13868,1352,3428,2965
2006,MA,15992,1371,1401,2074
2006,MD,14814,2434,2239,3555
2006,ME,2189,329,128,444
2006,MI,19456,3390,2939,4500
2006,MN,7626,1875,987,2829
2006,MO,12521,2390,1336,3465
2006,MP,0,0,0,0
2006,MS,5559,1514,492,2273
2006,MT,1747,511,120,660
2006,NB,3289,426,391,1008
2006,NC,20410,4428,2550,5678
2006,ND,1124,146,102,297
2006,NH,2459,249,202,615
2006,NJ,29580,3115,2549,5465
2006,NM,3809,574,379,1101
2006,NV,4766,1400,515,2419
2006,NY,56124,7996,8732,16257
2006,OH,23698,4295,2689,6433
2006,OK,6653,1712,555,2266
2006,OR,5285,1206,564,2078
2006,OT,0,0,0,0
2006,PA,24042,1869,2796,3116
2006,PR,0,0,0,0
2006,RI,2387,311,183,355
2006,SC,10806,1473,1343,2647
2006,SD,1431,450,98,539
2006,TN,14542,4234,1455,5821
2006,TX,45356,14145,5375,18620
2006,UT,4313,1490,337,1537
2006,VA,16421,1499,2087,3843
2006,VI,0,0,0,0
2006,VT,1093,130,92,278
2006,WA,9500,1407,1001,2840
2006,WI,11776,1889,1933,3452
2006,WV,3631,333,114,594
2006,WY,1237,118,111,441
2007,AK,1127,235,119,454
2007,AL,10126,2092,759,3695
2007,AR,6298,1282,734,2186
2007,AS,0,0,0,0
2007,AZ,11526,4662,1356,5564
2007,CA,70824,15591,10252,27805
2007,CO,10841,1865,1655,3804
2007,CT,7835,818,808,1204
2007,CZ,0,0,0,0
2007,DC,3869,358,1033,474
2007,DE,2511,424,336,674
2007,FL,39030,11096,6329,18959
2007,FS,0,0,0,0
2007,GA,31319,5530,6237,9691
2007,GM,0,0,0,0
2007,HI,3012,267,290,634
2007,IA,5016,1022,404,1746
2007,ID,2769,441,199,1057
2007,IL,31699,7752,5790,8507
2007,IN,10800,2865,845,3469
2007,KS,7897,1454,812,2315
2007,KY,10510,1053,857,1910
2007,LA,13818,2046,2965,3912
2007,MA,16229,1489,1404,2171
2007,MD,13825,2118,2128,3269
2007,ME,2297,361,143,437
2007,MI,19374,3498,2973,4440
2007,MN,7782,2006,1041,2812
2007,MO,14010,2779,1430,4217
2007,MP,0,0,0,0
2007,MS,5585,1389,491,2332
2007,MT,1770,488,117,603
2007,NB,3181,367,370,1026
2007,NC,20870,4558,2496,5715
2007,ND,1158,182,119,296
2007,NH,2709,291,214,639
2007,NJ,30219,3467,2692,5945
2007,NM,3922,556,398,1147
2007,NV,5736,747,678,2396
2007,NY,55915,8171,8713,16780
2007,OH,23518,4735,2732,6704
2007,OK,6877,1658,558,2360
2007,OR,6195,1840,674,2653
2007,OT,0,0,0,0
2007,PA,24576,1888,2811,3172
2007,PR,0,0,0,0
2007,RI,2412,308,188,363
2007,SC,10925,1507,1357,2802
2007,SD,1422,358,104,482
2007,TN,14851,7784,1504,7845
2007,TX,47720,14838,5769,19634
2007,UT,4462,1557,332,1629
2007,VA,16686,1494,2161,3867
2007,VI,0,0,0,0
2007,VT,1106,133,95,266
2007,WA,9591,1435,987,2889
2007,WI,11644,2187,1845,3760
2007,WV,3521,370,114,605
2007,WY,1313,180,125,518
2008,AK,1180,234,119,474
2008,AL,10391,2152,810,3649
2008,AR,5837,1391,511,2387
2008,AS,0,0,0,0
2008,AZ,11931,4654,1421,5654
2008,CA,72938,15062,10951,28098
2008,CO,11293,1892,1753,3849
2008,CT,7974,816,803,1231
2008,CZ,0,0,0,0
2008,DC,4021,358,1055,491
2008,DE,2558,412,350,668
2008,FL,39117,11095,6520,18807
2008,FS,0,0,0,0
2008,GA,32041,5797,6243,9651
2008,GM,0,0,0,0
2008,HI,3103,275,315,627
2008,IA,5031,1123,407,1852
2008,ID,2801,537,199,1326
2008,IL,31703,7405,5767,7946
2008,IN,10947,2931,871,3544
2008,KS,7728,1554,756,2390
2008,KY,11262,1324,924,2064
2008,LA,14536,1602,3510,3765
2008,MA,15882,1576,1403,2136
2008,MD,13967,2149,2139,3281
2008,ME,2159,316,139,419
2008,MI,19530,3539,2819,4556
2008,MN,7911,2012,1066,2835
2008,MO,14336,2818,1451,4243
2008,MP,0,0,0,0
2008,MS,5673,1498,477,2300
2008,MT,1749,497,112,637
2008,NB,3268,350,393,1018
2008,NC,21309,4891,2630,5954
2008,ND,1168,185,120,276
2008,NH,2609,275,222,637
2008,NJ,29745,3470,2715,5819
2008,NM,3968,593,408,1134
2008,NV,5212,866,535,2248
2008,NY,56694,6142,8876,14227
2008,OH,24400,4594,2839,6727
2008,OK,7313,1604,715,2361
2008,OR,6189,1990,667,2782
2008,OT,0,0,0,0
2008,PA,24325,1913,2811,3166
2008,PR,0,0,0,0
2008,RI,2410,299,182,362
2008,SC,11301,1525,1357,2798
2008,SD,1410,345,86,504
2008,TN,14958,4550,1570,5896
2008,TX,47627,14882,5821,20160
2008,UT,4466,1518,353,1508
2008,VA,16919,1494,2249,3932
2008,VI,0,0,0,0
2008,VT,1036,135,87,262
2008,WA,11071,1667,1214,3325
2008,WI,11599,2118,1858,3668
2008,WV,3346,480,121,615
2008,WY,1321,154,108,493
2009,AK,1195,246,109,474
2009,AL,10707,2191,815,3596
2009,AR,5859,1509,533,2342
2009,AS,0,0,0,0
2009,AZ,11708,4607,1384,5470
2009,CA,72074,14873,10828,27622
2009,CO,11197,2090,1703,4036
2009,CT,7867,781,794,1173
2009,CZ,0,0,0,0
2009,DC,4052,359,1066,470
2009,DE,2546,400,362,646
2009,FL,39753,10295,6468,18602
2009,FS,0,0,0,0
2009,GA,32598,6208,6346,10060
2009,GM,0,0,0,0
2009,HI,3100,281,311,635
2009,IA,5118,1101,455,1800
2009,ID,2806,338,204,1278
2009,IL,31174,6986,5614,7745
2009,IN,11114,3028,980,3435
2009,KS,7533,1509,710,2324
2009,KY,9649,1022,800,1588
2009,LA,14751,2391,3053,4134
2009,MA,15353,1328,1358,1908
2009,MD,14017,2024,2140,3173
2009,ME,2184,253,135,376
2009,MI,18815,3470,2822,4323
2009,MN,7919,1991,1080,2854
2009,MO,14620,2776,1483,4311
2009,MP,0,0,0,0
2009,MS,5824,1592,531,2282
2009,MT,1788,559,105,681
2009,NB,3416,352,406,1045
2009,NC,21692,5239,2543,5995
2009,ND,1175,176,136,300
2009,NH,2549,264,209,623
2009,NJ,29908,3558,2677,6069
2009,NM,4184,868,438,1351
2009,NV,5428,1440,575,2692
2009,NY,55973,7842,8737,14224
2009,OH,23260,4338,2678,6301
2009,OK,7465,1750,711,2386
2009,OR,6277,1980,639,2652
2009,OT,0,0,0,0
2009,PA,24533,1826,2763,3162
2009,PR,13156,457,3289,1045
2009,RI,2377,290,186,351
2009,SC,10935,1468,1313,2751
2009,SD,1425,357,89,505
2009,TN,15303,4483,1560,5938
2009,TX,49415,15735,6345,19798
2009,UT,4558,1465,368,1605
2009,VA,16868,1398,2212,3864
2009,VI,0,0,0,0
2009,VT,1132,122,101,265
2009,WA,11112,1684,1171,3036
2009,WI,11516,2424,1821,3688
2009,WV,3690,395,123,649
2009,WY,1366,146,116,490
2010,AK,1152,256,106,474
2010,AL,10434,2070,808,3354
2010,AR,5930,1538,514,2387
2010,AS,0,0,0,0
2010,AZ,11431,4417,1360,5268
2010,CA,70994,14661,10618,26172
2010,CO,11104,2043,1699,3907
2010,CT,7881,794,816,1082
2010,CZ,0,0,0,0
2010,DC,3612,277,954,369
2010,DE,3128,492,434,812
2010,FL,39765,10527,6637,18422
2010,FS,0,0,0,0
2010,GA,32652,5566,6692,9463
2010,GM,0,0,0,0
2010,HI,3070,265,298,617
2010,IA,5109,1111,439,1785
2010,ID,2955,336,219,1352
2010,IL,30165,6978,5465,7460
2010,IN,11169,2878,885,3336
2010,KS,7327,1476,676,2376
2010,KY,9316,961,697,1579
2010,LA,14236,2164,3161,3798
2010,MA,15079,1403,1399,2095
2010,MD,13849,2052,2145,3172
2010,ME,2159,246,142,358
2010,MI,18380,3338,2799,4111
2010,MN,7882,1943,1068,2760
2010,MO,14523,2793,1507,4213
2010,MP,0,0,0,0
2010,MS,5939,1729,542,2525
2010,MT,1891,499,108,660
2010,NB,3343,356,404,1033
2010,NC,22099,5048,2598,5911
2010,ND,1267,194,140,320
2010,NH,2510,255,212,606
2010,NJ,28925,3345,2628,5693
2010,NM,4090,565,446,1144
2010,NV,5319,1430,581,2563
2010,NY,55252,7766,8596,13914
2010,OH,23011,4047,2549,6007
2010,OK,7415,1709,586,2414
2010,OR,6376,1905,657,2601
2010,OT,0,0,0,0
2010,PA,24578,1641,2757,3101
2010,PR,0,0,0,0
2010,RI,2363,286,184,344
2010,SC,11072,1558,1357,2721
2010,SD,1458,389,100,523
2010,TN,15396,4584,1598,5973
2010,TX,49332,15358,6329,19957
2010,UT,4775,891,392,1270
2010,VA,16903,1438,2236,3735
2010,VI,300,35,169,100
2010,VT,1159,128,106,261
2010,WA,11635,1732,1235,3281
2010,WI,11460,2550,1781,3803
2010,WV,3912,375,123,634
2010,WY,1330,126,109,443
2011,AK,1215,238,109,472
2011,AL,10668,2114,801,3587
2011,AR,5984,1427,533,2260
2011,AS,0,0,0,0
2011,AZ,11216,4340,1325,5099
2011,CA,68614,13860,10279,25716
2011,CO,11121,2114,1660,4076
2011,CT,7595,821,787,1081
2011,CZ,0,0,0,0
2011,DC,3869,344,1002,439
2011,DE,3054,492,424,795
2011,FL,39260,10026,6635,17799
2011,FS,0,0,0,0
2011,GA,32659,5924,6459,9635
2011,GM,0,0,0,0
2011,HI,3082,262,299,615
2011,IA,4992,1015,441,1694
2011,ID,2902,306,198,1281
2011,IL,29732,6710,5274,7156
2011,IN,11134,2873,866,3238
2011,KS,7208,1543,671,2318
2011,KY,8642,989,659,1487
2011,LA,14438,1675,3389,3637
2011,MA,15250,1449,1386,2056
2011,MD,13762,2135,2103,3101
2011,ME,2214,218,138,360
2011,MI,17867,3308,2644,3895
2011,MN,7877,1902,1044,2738
2011,MO,14289,2773,1472,4075
2011,MP,0,0,0,0
2011,MS,5814,1435,556,2038
2011,MT,1898,484,116,681
2011,NB,3409,370,396,1054
2011,NC,22193,5226,2651,5880
2011,ND,1278,174,151,335
2011,NH,2543,249,231,631
2011,NJ,27225,3377,2509,5207
2011,NM,4157,604,448,1131
2011,NV,4970,1322,546,2412
2011,NY,54655,7517,8409,13549
2011,OH,22693,4306,2497,5816
2011,OK,8046,2013,613,2711
2011,OR,11419,4016,11672,5660
2011,OT,0,0,0,0
2011,PA,24767,2139,2758,3634
2011,PR,13668,267,3616,724
2011,RI,2315,264,184,341
2011,SC,11773,1678,1464,2832
2011,SD,1469,560,104,731
2011,TN,15549,4628,1558,5967
2011,TX,49876,15006,6319,19728
2011,UT,5095,939,373,1363
2011,VA,17009,1455,2250,3809
2011,VI,283,35,164,157
2011,VT,1136,123,114,255
2011,WA,12112,1747,1334,3360
2011,WI,11310,2463,1758,3754
2011,WV,3671,392,127,667
2011,WY,1428,156,135,524
2012,AK,1221,237,109,453
2012,AL,10400,2222,809,3584
2012,AR,6099,1431,544,2291
2012,AS,0,0,0,0
2012,AZ,11829,4610,1417,5514
2012,CA,67757,14820,10305,25712
2012,CO,10950,2052,1632,3885
2012,CT,7715,748,810,1058
2012,CZ,0,0,0,0
2012,DC,3921,349,1015,426
2012,DE,2028,319,328,558
2012,FL,41169,10852,6718,17777
2012,FS,0,0,0,0
2012,GA,32566,5473,6579,9474
2012,GM,0,0,0,0
2012,HI,3073,268,290,614
2012,IA,5019,1202,390,1815
2012,ID,2913,336,183,1296
2012,IL,29421,7227,5112,7107
2012,IN,10871,2429,879,3033
2012,KS,7228,1381,728,2234
2012,KY,8743,974,651,1527
2012,LA,14565,1570,3469,3540
2012,MA,15257,1352,1372,1983
2012,MD,15271,2250,2231,3313
2012,ME,2160,221,148,362
2012,MI,17390,3422,2513,3860
2012,MN,7896,1978,1051,2717
2012,MO,13983,2888,1451,3991
2012,MP,0,0,0,0
2012,MS,5673,1534,548,2038
2012,MT,1885,373,122,608
2012,NB,3356,427,388,1034
2012,NC,22211,5433,2692,5901
2012,ND,1337,174,152,350
2012,NH,2533,231,225,616
2012,NJ,26852,3422,2633,5625
2012,NM,4126,599,458,1138
2012,NV,5157,1345,540,2425
2012,NY,54589,7339,8332,13327
2012,OH,22432,4136,2444,5811
2012,OK,7976,2215,629,2641
2012,OR,6369,1875,639,2463
2012,OT,0,0,0,0
2012,PA,24080,1915,2658,3143
2012,PR,13044,241,3412,631
2012,RI,2300,257,177,339
2012,SC,11239,2046,1369,3105
2012,SD,1517,508,108,682
2012,TN,15781,4795,1608,5985
2012,TX,48622,15145,6185,18832
2012,UT,4704,890,366,1237
2012,VA,17095,1422,2259,3783
2012,VI,271,33,176,139
2012,VT,1155,166,140,321
2012,WA,10387,1719,1071,2816
2012,WI,11179,2497,1717,3546
2012,WV,3562,364,137,608
2012,WY,1377,162,115,461
2013,AK,1248,191,113,443
2013,AL,10681,2134,805,3684
2013,AR,6222,1481,532,2364
2013,AS,0,0,0,0
2013,AZ,10939,4465,1276,5001
2013,CA,67770,14940,10159,25815
2013,CO,11132,1889,1778,3752
2013,CT,7741,779,803,1056
2013,CZ,0,0,0,0
2013,DC,4112,268,1088,332
2013,DE,2125,323,352,575
2013,FL,41437,10285,6669,17924
2013,FS,0,0,0,0
2013,GA,31372,5445,6281,9345
2013,GM,0,0,0,0
2013,HI,3028,274,279,602
2013,IA,5004,1120,418,1754
2013,ID,2843,316,185,1340
2013,IL,29794,3994,4285,6156
2013,IN,10654,2514,834,2942
2013,KS,7287,1413,694,2184
2013,KY,8530,894,642,1451
2013,LA,13865,1538,3280,3088
2013,MA,15332,1414,1404,2009
2013,MD,16904,2771,2416,3583
2013,ME,2150,226,149,356
2013,MI,17450,3415,2550,3738
2013,MN,7850,2004,1050,2623
2013,MO,14402,2805,1453,4100
2013,MP,0,0,0,0
2013,MS,5817,1320,538,2046
2013,MT,1780,363,120,631
2013,NB,3372,436,394,1093
2013,NC,22173,5384,2662,5746
2013,ND,1362,169,165,353
2013,NH,2541,249,225,620
2013,NJ,26437,3494,2521,5268
2013,NM,3705,642,311,1205
2013,NV,4870,1277,508,2177
2013,NY,54656,7426,8362,13323
2013,OH,22185,4050,2342,5613
2013,OK,7485,2050,639,2443
2013,OR,6753,2000,666,2680
2013,OT,0,0,0,0
2013,PA,23911,1860,2638,3194
2013,PR,11553,186,3076,519
2013,RI,2258,277,185,349
2013,SC,12205,1505,1548,2657
2013,SD,1465,495,101,631
2013,TN,15986,4904,1655,6016
2013,TX,49084,15876,6119,20930
2013,UT,4331,768,347,1146
2013,VA,17224,1386,2261,3789
2013,VI,258,30,142,132
2013,VT,1167,161,116,280
2013,WA,9798,1643,1012,2742
2013,WI,11081,2227,1708,3315
2013,WV,3602,368,129,623
2013,WY,1465,197,192,514
2014,AK,1202,235,116,456
2014,AL,10613,2064,829,3591
2014,AR,6260,1607,556,2300
2014,AS,0,0,0,0
2014,AZ,11401,4802,1336,5415
2014,CA,68238,15357,10193,26289
2014,CO,10854,2468,1972,3533
2014,CT,7966,759,838,1076
2014,CZ,0,0,0,0
2014,DC,4085,291,1071,338
2014,DE,2552,572,297,744
2014,FL,39512,10909,6409,18322
2014,FS,0,0,0,0
2014,GA,31458,5784,6355,9388
2014,GM,0,0,0,0
2014,HI,3154,226,273,648
2014,IA,5028,1149,402,1821
2014,ID,2841,353,196,1281
2014,IL,29455,6587,4946,6884
2014,IN,10835,2429,847,2865
2014,KS,7604,1629,829,2469
2014,KY,9060,1095,705,1643
2014,LA,14027,1926,3553,3407
2014,MA,15787,1436,1437,2103
2014,MD,14143,2081,2168,3006
2014,ME,2179,212,153,329
2014,MI,17337,3460,2454,3783
2014,MN,8400,2206,1082,2805
2014,MO,14479,2929,1474,4140
2014,MP,0,0,0,0
2014,MS,5635,1474,523,2022
2014,MT,1837,442,121,653
2014,NB,3569,518,431,1065
2014,NC,22666,5469,2778,5904
2014,ND,1484,204,172,370
2014,NH,2520,272,236,602
2014,NJ,27660,3594,2726,5640
2014,NM,4005,715,426,1153
2014,NV,5028,1298,518,2182
2014,NY,54447,7514,8287,13365
2014,OH,21931,4150,2401,5683
2014,OK,7542,1993,600,2444
2014,OR,7265,2167,737,3018
2014,OT,0,0,0,0
2014,PA,24274,1983,2652,3209
2014,PR,11408,228,3125,543
2014,RI,2312,265,194,368
2014,SC,11037,1479,1411,2525
2014,SD,1585,547,110,698
2014,TN,16133,4764,1617,6077
2014,TX,48015,13935,6136,18349
2014,UT,4705,957,347,1208
2014,VA,17322,1445,2369,3764
2014,VI,250,26,157,86
2014,VT,1216,111,115,225
2014,WA,10106,1648,1037,2777
2014,WI,11381,2242,1737,3292
2014,WV,3299,451,125,620
2014,WY,1426,249,148,567
2015,AK,1200,235,116,456
2015,AL,10734,2133,861,3694
2015,AR,6285,1599,548,2402
2015,AS,0,0,0,0
2015,AZ,11678,4680,1399,5303
2015,CA,68507,15259,10141,26091
2015,CO,11266,2302,1643,4063
2015,CT,7199,738,782,1051
2015,CZ,0,0,0,0
2015,DC,3938,442,947,418
2015,DE,2550,524,297,801
2015,FL,42193,9820,6937,17711
2015,FS,0,0,0,0
2015,GA,32010,5685,6465,9558
2015,GM,0,0,0,0
2015,HI,3066,300,294,630
2015,IA,5124,1203,435,1876
2015,ID,2881,363,213,1346
2015,IL,30555,6859,4908,7297
2015,IN,11252,2500,890,2810
2015,KS,7313,1653,748,2384
2015,KY,9815,1151,792,1656
2015,LA,14155,2377,3447,3955
2015,MA,15943,1558,1473,2175
2015,MD,15435,2367,2275,3425
2015,ME,2223,215,153,353
2015,MI,17251,3386,2478,3638
2015,MN,8692,2239,1143,2768
2015,MO,14510,2886,1512,4087
2015,MP,0,0,0,0
2015,MS,5729,1445,540,2125
2015,MT,1911,650,132,752
2015,NB,3610,494,428,1069
2015,NC,22709,5330,2762,6015
2015,ND,1557,260,190,387
2015,NH,2524,271,239,600
2015,NJ,30636,4141,2893,6063
2015,NM,4171,728,460,1192
2015,NV,5665,747,701,2071
2015,NY,55351,7511,8663,13311
2015,OH,22861,4217,2505,5780
2015,OK,7952,2025,629,2558
2015,OR,8633,2160,949,3134
2015,OT,0,0,0,0
2015,PA,24270,2072,2646,3261
2015,PR,11140,231,3088,538
2015,RI,2267,264,183,364
2015,SC,11809,2000,1480,2973
2015,SD,1635,554,116,692
2015,TN,16167,5282,1589,5749
2015,TX,50342,14954,6587,19806
2015,UT,4737,994,335,1324
2015,VA,17312,1569,2284,3778
2015,VI,232,31,146,97
2015,VT,1104,111,120,202
2015,WA,10530,1725,1081,2900
2015,WI,11190,2436,1750,3282
2015,WV,3877,295,259,660
2015,WY,1400,274,141,516
2016,AK,1156,256,113,472
2016,AL,10887,2137,857,3617
2016,AR,6283,1599,579,2349
2016,AS,0,0,0,0
2016,AZ,11369,4613,1334,5391
2016,CA,68620,15575,10299,26144
2016,CO,11309,2383,1713,4147
2016,CT,7442,652,830,920
2016,CZ,0,0,0,0
2016,DC,3875,368,920,424
2016,DE,2618,534,319,870
2016,FL,42062,11806,7426,19612
2016,FS,0,0,0,0
2016,GA,32335,5796,6655,9523
2016,GM,0,0,0,0
2016,HI,4498,435,539,844
2016,IA,5078,1229,445,1861
2016,ID,2933,328,219,1375
2016,IL,29295,6520,4888,6844
2016,IN,11275,2582,881,2847
2016,KS,7395,1353,786,2220
2016,KY,8615,1012,645,1516
2016,LA,13786,2144,3252,4251
2016,MA,16052,1543,1519,2178
2016,MD,15452,2388,2234,3412
2016,ME,2251,221,158,359
2016,MI,17391,3674,2445,4128
2016,MN,9058,2453,1149,2908
2016,MO,14765,2834,1555,4177
2016,MP,0,0,0,0
2016,MS,5724,1456,551,2079
2016,MT,1921,672,129,731
2016,NB,3543,570,422,1028
2016,NC,22791,5415,2762,6233
2016,ND,1630,270,194,433
2016,NH,2534,281,240,611
2016,NJ,30890,4166,2992,6463
2016,NM,4569,886,504,1347
2016,NV,6190,680,772,2135
2016,NY,56144,7632,9039,13471
2016,OH,21497,4122,2345,5342
2016,OK,8330,1903,753,2609
2016,OR,7220,1970,721,2663
2016,OT,0,0,0,0
2016,PA,24003,1997,2629,3977
2016,PR,11408,228,3125,543
2016,RI,2294,264,184,369
2016,SC,11705,2053,1516,3095
2016,SD,1637,684,116,631
2016,TN,16135,4762,1695,5634
2016,TX,51533,16162,6791,21085
2016,UT,4812,1014,359,1363
2016,VA,17378,1430,2416,3749
2016,VI,236,30,167,98
2016,VT,1345,129,116,262
2016,WA,10083,1799,1053,2884
2016,WI,11195,2176,1887,3182
2016,WV,3809,394,148,605
2016,WY,1390,318,145,559
2017,AK,1135,249,112,437
2017,AL,4899,1132,338,1695
2017,AR,5408,1513,567,2042
2017,AS,0,0,0,0
2017,AZ,11480,4509,1382,5379
2017,CA,68403,15470,10337,25474
2017,CO,10762,2172,1657,3842
2017,CT,6567,582,758,860
2017,CZ,0,0,0,0
2017,DC,3325,299,903,398
2017,DE,2009,323,273,371
2017,FL,38985,10508,7153,18000
2017,FS,0,0,0,0
2017,GA,19992,2728,4054,5231
2017,GM,265,19,24,47
2017,HI,2644,235,307,543
2017,IA,4892,1155,441,1757
2017,ID,2656,341,204,1322
2017,IL,20897,5347,4318,4749
2017,IN,6766,485,585,991
2017,KS,6380,932,720,1879
2017,KY,7146,885,505,1267
2017,LA,12251,1498,3528,3206
2017,MA,15038,1534,1466,2073
2017,MD,14778,2035,2221,3199
2017,ME,2138,221,185,361
2017,MI,14940,3208,2191,3592
2017,MN,8587,2345,1131,2818
2017,MO,13172,2360,1503,3540
2017,MP,0,0,0,0
2017,MS,2133,489,248,726
2017,MT,1787,491,130,626
2017,NB,3065,553,407,1031
2017,NC,21353,4924,2817,5925
2017,ND,1541,230,207,439
2017,NH,2517,262,247,597
2017,NJ,28308,3580,3033,5548
2017,NM,2817,505,303,844
2017,NV,6020,819,798,2233
2017,NY,53305,7680,9128,13530
2017,OH,12101,1673,1387,2825
2017,OK,8160,1717,729,2451
2017,OR,6065,1672,718,2293
2017,OT,0,0,0,0
2017,PA,23225,1958,2619,2960
2017,PR,0,0,0,0
2017,RI,2315,260,196,386
2017,SC,7907,1470,1284,2113
2017,SD,1690,575,153,752
2017,TN,15091,4713,1654,5320
2017,TX,38763,11498,5585,16204
2017,UT,4633,936,355,1273
2017,VA,16670,1325,2412,3684
2017,VI,0,0,0,0
2017,VT,1081,107,112,197
2017,WA,9786,1821,1065,2913
2017,WI,11216,2350,1729,3217
2017,WV,3533,419,141,611
2017,WY,1105,284,138,498
2018,AK,1162,263,124,436
2018,AL,9763,2002,898,3196
2018,AR,6123,1533,620,2352
2018,AS,0,0,0,0
2018,AZ,11357,4417,1399,5255
2018,CA,68663,15339,10478,25561
2018,CO,10796,2181,1721,3817
2018,CT,6970,596,822,895
2018,CZ,0,0,0,0
2018,DC,3417,320,976,432
2018,DE,2043,381,272,615
2018,FL,37906,11142,6787,17843
2018,FS,0,0,0,0
2018,GA,22806,3120,4811,6630
2018,GM,0,0,0,0
2018,HI,2544,243,300,537
2018,IA,4632,1283,393,1716
2018,ID,2689,1134,205,1539
2018,IL,22164,5343,4580,4663
2018,IN,8831,1654,1189,2113
2018,KS,6105,901,716,1681
2018,KY,6977,879,500,1341
2018,LA,11195,1608,3031,3045
2018,MA,15220,1505,1497,2118
2018,MD,16141,2036,2393,3410
2018,ME,2162,214,187,369
2018,MI,15181,3578,2173,3219
2018,MN,8757,2429,1173,2908
2018,MO,12943,2301,1485,3497
2018,MP,0,0,0,0
2018,MS,2563,666,293,1008
2018,MT,1814,473,137,593
2018,NB,3380,572,427,1046
2018,NC,21517,4583,2878,5611
2018,ND,1562,251,214,450
2018,NH,2572,254,266,597
2018,NJ,28659,3521,3158,5509
2018,NM,2433,433,277,734
2018,NV,5588,847,685,1990
2018,NY,53072,7862,9255,14020
2018,OH,13383,1855,1666,3073
2018,OK,8159,1623,787,2523
2018,OR,5917,1775,701,2383
2018,OT,0,0,0,0
2018,PA,22863,1292,2642,2409
2018,PR,9723,187,2845,537
2018,RI,2296,245,198,374
2018,SC,10910,1446,1774,2711
2018,SD,1623,592,156,656
2018,TN,15610,4876,1753,5499
2018,TX,39616,10357,5945,15280
2018,UT,4728,893,378,1238
2018,VA,16722,1349,2540,3671
2018,VI,0,0,0,0
2018,VT,1268,147,153,290
2018,WA,9853,2081,1073,3012
2018,WI,11053,2260,1678,3057
2018,WV,4537,526,165,930
2018,WY,1358,292,132,541
