year,unemp,state
1976-01-01,0.068,AL
1977-01-01,0.073,AL
1978-01-01,0.064,AL
1979-01-01,0.07200000000000001,AL
1980-01-01,0.08900000000000001,AL
1981-01-01,0.106,AL
1982-01-01,0.141,AL
1983-01-01,0.138,AL
1984-01-01,0.11,AL
1985-01-01,0.092,AL
1986-01-01,0.09699999999999999,AL
1987-01-01,0.081,AL
1988-01-01,0.07200000000000001,AL
1989-01-01,0.07,AL
1990-01-01,0.068,AL
1991-01-01,0.073,AL
1992-01-01,0.076,AL
1993-01-01,0.073,AL
1994-01-01,0.062,AL
1995-01-01,0.06,AL
1996-01-01,0.052000000000000005,AL
1997-01-01,0.05,AL
1998-01-01,0.044000000000000004,AL
1999-01-01,0.047,AL
2000-01-01,0.046,AL
2001-01-01,0.051,AL
2002-01-01,0.059000000000000004,AL
2003-01-01,0.06,AL
2004-01-01,0.057,AL
2005-01-01,0.045,AL
2006-01-01,0.04,AL
2007-01-01,0.04,AL
2008-01-01,0.057,AL
2009-01-01,0.11,AL
2010-01-01,0.105,AL
2011-01-01,0.096,AL
2012-01-01,0.08,AL
2013-01-01,0.07200000000000001,AL
2014-01-01,0.068,AL
2015-01-01,0.061,AL
2016-01-01,0.057999999999999996,AL
2017-01-01,0.044000000000000004,AL
2018-01-01,0.039,AL
2019-01-01,0.03,AL
1976-01-01,0.076,AK
1977-01-01,0.099,AK
1978-01-01,0.106,AK
1979-01-01,0.09300000000000001,AK
1980-01-01,0.096,AK
1981-01-01,0.094,AK
1982-01-01,0.099,AK
1983-01-01,0.099,AK
1984-01-01,0.098,AK
1985-01-01,0.09699999999999999,AK
1986-01-01,0.109,AK
1987-01-01,0.10300000000000001,AK
1988-01-01,0.08800000000000001,AK
1989-01-01,0.07,AK
1990-01-01,0.07200000000000001,AK
1991-01-01,0.085,AK
1992-01-01,0.08900000000000001,AK
1993-01-01,0.077,AK
1994-01-01,0.076,AK
1995-01-01,0.073,AK
1996-01-01,0.076,AK
1997-01-01,0.071,AK
1998-01-01,0.063,AK
1999-01-01,0.065,AK
2000-01-01,0.064,AK
2001-01-01,0.064,AK
2002-01-01,0.073,AK
2003-01-01,0.078,AK
2004-01-01,0.075,AK
2005-01-01,0.069,AK
2006-01-01,0.066,AK
2007-01-01,0.063,AK
2008-01-01,0.067,AK
2009-01-01,0.077,AK
2010-01-01,0.079,AK
2011-01-01,0.076,AK
2012-01-01,0.071,AK
2013-01-01,0.07,AK
2014-01-01,0.069,AK
2015-01-01,0.065,AK
2016-01-01,0.069,AK
2017-01-01,0.069,AK
2018-01-01,0.065,AK
2019-01-01,0.061,AK
1976-01-01,0.09699999999999999,AZ
1977-01-01,0.08199999999999999,AZ
1978-01-01,0.06,AZ
1979-01-01,0.051,AZ
1980-01-01,0.066,AZ
1981-01-01,0.062,AZ
1982-01-01,0.10099999999999999,AZ
1983-01-01,0.08800000000000001,AZ
1984-01-01,0.052000000000000005,AZ
1985-01-01,0.063,AZ
1986-01-01,0.069,AZ
1987-01-01,0.065,AZ
1988-01-01,0.064,AZ
1989-01-01,0.053,AZ
1990-01-01,0.053,AZ
1991-01-01,0.059000000000000004,AZ
1992-01-01,0.075,AZ
1993-01-01,0.064,AZ
1994-01-01,0.061,AZ
1995-01-01,0.053,AZ
1996-01-01,0.055999999999999994,AZ
1997-01-01,0.046,AZ
1998-01-01,0.043,AZ
1999-01-01,0.044000000000000004,AZ
2000-01-01,0.04,AZ
2001-01-01,0.048,AZ
2002-01-01,0.061,AZ
2003-01-01,0.057,AZ
2004-01-01,0.05,AZ
2005-01-01,0.047,AZ
2006-01-01,0.042,AZ
2007-01-01,0.039,AZ
2008-01-01,0.062,AZ
2009-01-01,0.099,AZ
2010-01-01,0.10400000000000001,AZ
2011-01-01,0.095,AZ
2012-01-01,0.083,AZ
2013-01-01,0.077,AZ
2014-01-01,0.068,AZ
2015-01-01,0.061,AZ
2016-01-01,0.054000000000000006,AZ
2017-01-01,0.049,AZ
2018-01-01,0.047,AZ
2019-01-01,0.047,AZ
1976-01-01,0.07,AR
1977-01-01,0.065,AR
1978-01-01,0.062,AR
1979-01-01,0.062,AR
1980-01-01,0.076,AR
1981-01-01,0.087,AR
1982-01-01,0.099,AR
1983-01-01,0.099,AR
1984-01-01,0.087,AR
1985-01-01,0.087,AR
1986-01-01,0.086,AR
1987-01-01,0.081,AR
1988-01-01,0.076,AR
1989-01-01,0.07,AR
1990-01-01,0.069,AR
1991-01-01,0.07400000000000001,AR
1992-01-01,0.071,AR
1993-01-01,0.061,AR
1994-01-01,0.054000000000000006,AR
1995-01-01,0.048,AR
1996-01-01,0.053,AR
1997-01-01,0.052000000000000005,AR
1998-01-01,0.052000000000000005,AR
1999-01-01,0.046,AR
2000-01-01,0.043,AR
2001-01-01,0.05,AR
2002-01-01,0.055,AR
2003-01-01,0.059000000000000004,AR
2004-01-01,0.057,AR
2005-01-01,0.052000000000000005,AR
2006-01-01,0.052000000000000005,AR
2007-01-01,0.053,AR
2008-01-01,0.055,AR
2009-01-01,0.078,AR
2010-01-01,0.08199999999999999,AR
2011-01-01,0.083,AR
2012-01-01,0.076,AR
2013-01-01,0.07200000000000001,AR
2014-01-01,0.06,AR
2015-01-01,0.05,AR
2016-01-01,0.04,AR
2017-01-01,0.037000000000000005,AR
2018-01-01,0.036000000000000004,AR
2019-01-01,0.035,AR
1976-01-01,0.091,CA
1977-01-01,0.083,CA
1978-01-01,0.07200000000000001,CA
1979-01-01,0.062,CA
1980-01-01,0.068,CA
1981-01-01,0.07400000000000001,CA
1982-01-01,0.1,CA
1983-01-01,0.098,CA
1984-01-01,0.078,CA
1985-01-01,0.07200000000000001,CA
1986-01-01,0.067,CA
1987-01-01,0.057999999999999996,CA
1988-01-01,0.053,CA
1989-01-01,0.051,CA
1990-01-01,0.057999999999999996,CA
1991-01-01,0.077,CA
1992-01-01,0.09300000000000001,CA
1993-01-01,0.095,CA
1994-01-01,0.086,CA
1995-01-01,0.079,CA
1996-01-01,0.073,CA
1997-01-01,0.064,CA
1998-01-01,0.059000000000000004,CA
1999-01-01,0.052000000000000005,CA
2000-01-01,0.049,CA
2001-01-01,0.054000000000000006,CA
2002-01-01,0.067,CA
2003-01-01,0.068,CA
2004-01-01,0.062,CA
2005-01-01,0.054000000000000006,CA
2006-01-01,0.049,CA
2007-01-01,0.054000000000000006,CA
2008-01-01,0.073,CA
2009-01-01,0.11199999999999999,CA
2010-01-01,0.122,CA
2011-01-01,0.11699999999999999,CA
2012-01-01,0.10400000000000001,CA
2013-01-01,0.08900000000000001,CA
2014-01-01,0.075,CA
2015-01-01,0.062,CA
2016-01-01,0.055,CA
2017-01-01,0.048,CA
2018-01-01,0.043,CA
2019-01-01,0.04,CA
1976-01-01,0.057999999999999996,CO
1977-01-01,0.064,CO
1978-01-01,0.055,CO
1979-01-01,0.047,CO
1980-01-01,0.057999999999999996,CO
1981-01-01,0.057,CO
1982-01-01,0.073,CO
1983-01-01,0.071,CO
1984-01-01,0.054000000000000006,CO
1985-01-01,0.061,CO
1986-01-01,0.075,CO
1987-01-01,0.075,CO
1988-01-01,0.065,CO
1989-01-01,0.057,CO
1990-01-01,0.052000000000000005,CO
1991-01-01,0.053,CO
1992-01-01,0.06,CO
1993-01-01,0.053,CO
1994-01-01,0.042,CO
1995-01-01,0.04,CO
1996-01-01,0.042,CO
1997-01-01,0.035,CO
1998-01-01,0.036000000000000004,CO
1999-01-01,0.031,CO
2000-01-01,0.027999999999999997,CO
2001-01-01,0.038,CO
2002-01-01,0.055,CO
2003-01-01,0.06,CO
2004-01-01,0.055,CO
2005-01-01,0.05,CO
2006-01-01,0.043,CO
2007-01-01,0.037000000000000005,CO
2008-01-01,0.048,CO
2009-01-01,0.073,CO
2010-01-01,0.087,CO
2011-01-01,0.084,CO
2012-01-01,0.079,CO
2013-01-01,0.069,CO
2014-01-01,0.05,CO
2015-01-01,0.039,CO
2016-01-01,0.033,CO
2017-01-01,0.027999999999999997,CO
2018-01-01,0.032,CO
2019-01-01,0.027999999999999997,CO
1976-01-01,0.09300000000000001,CT
1977-01-01,0.07,CT
1978-01-01,0.052000000000000005,CT
1979-01-01,0.051,CT
1980-01-01,0.057999999999999996,CT
1981-01-01,0.062,CT
1982-01-01,0.069,CT
1983-01-01,0.06,CT
1984-01-01,0.047,CT
1985-01-01,0.047,CT
1986-01-01,0.038,CT
1987-01-01,0.034,CT
1988-01-01,0.03,CT
1989-01-01,0.038,CT
1990-01-01,0.051,CT
1991-01-01,0.065,CT
1992-01-01,0.076,CT
1993-01-01,0.066,CT
1994-01-01,0.055999999999999994,CT
1995-01-01,0.055,CT
1996-01-01,0.055,CT
1997-01-01,0.05,CT
1998-01-01,0.034,CT
1999-01-01,0.028999999999999998,CT
2000-01-01,0.024,CT
2001-01-01,0.031,CT
2002-01-01,0.043,CT
2003-01-01,0.054000000000000006,CT
2004-01-01,0.05,CT
2005-01-01,0.049,CT
2006-01-01,0.043,CT
2007-01-01,0.045,CT
2008-01-01,0.057,CT
2009-01-01,0.079,CT
2010-01-01,0.091,CT
2011-01-01,0.08800000000000001,CT
2012-01-01,0.083,CT
2013-01-01,0.078,CT
2014-01-01,0.066,CT
2015-01-01,0.057,CT
2016-01-01,0.051,CT
2017-01-01,0.047,CT
2018-01-01,0.040999999999999995,CT
2019-01-01,0.037000000000000005,CT
1976-01-01,0.08800000000000001,DE
1977-01-01,0.085,DE
1978-01-01,0.07400000000000001,DE
1979-01-01,0.07200000000000001,DE
1980-01-01,0.076,DE
1981-01-01,0.078,DE
1982-01-01,0.084,DE
1983-01-01,0.077,DE
1984-01-01,0.063,DE
1985-01-01,0.051,DE
1986-01-01,0.043,DE
1987-01-01,0.031,DE
1988-01-01,0.031,DE
1989-01-01,0.035,DE
1990-01-01,0.047,DE
1991-01-01,0.062,DE
1992-01-01,0.054000000000000006,DE
1993-01-01,0.051,DE
1994-01-01,0.048,DE
1995-01-01,0.043,DE
1996-01-01,0.051,DE
1997-01-01,0.04,DE
1998-01-01,0.037000000000000005,DE
1999-01-01,0.034,DE
2000-01-01,0.037000000000000005,DE
2001-01-01,0.035,DE
2002-01-01,0.04,DE
2003-01-01,0.043,DE
2004-01-01,0.04,DE
2005-01-01,0.040999999999999995,DE
2006-01-01,0.036000000000000004,DE
2007-01-01,0.034,DE
2008-01-01,0.049,DE
2009-01-01,0.083,DE
2010-01-01,0.084,DE
2011-01-01,0.075,DE
2012-01-01,0.07200000000000001,DE
2013-01-01,0.067,DE
2014-01-01,0.057,DE
2015-01-01,0.049,DE
2016-01-01,0.045,DE
2017-01-01,0.045,DE
2018-01-01,0.038,DE
2019-01-01,0.038,DE
1976-01-01,0.09,DC
1977-01-01,0.092,DC
1978-01-01,0.083,DC
1979-01-01,0.07,DC
1980-01-01,0.07400000000000001,DC
1981-01-01,0.08900000000000001,DC
1982-01-01,0.10400000000000001,DC
1983-01-01,0.11199999999999999,DC
1984-01-01,0.091,DC
1985-01-01,0.081,DC
1986-01-01,0.075,DC
1987-01-01,0.063,DC
1988-01-01,0.05,DC
1989-01-01,0.049,DC
1990-01-01,0.063,DC
1991-01-01,0.078,DC
1992-01-01,0.086,DC
1993-01-01,0.085,DC
1994-01-01,0.08,DC
1995-01-01,0.08800000000000001,DC
1996-01-01,0.084,DC
1997-01-01,0.08,DC
1998-01-01,0.084,DC
1999-01-01,0.064,DC
2000-01-01,0.055999999999999994,DC
2001-01-01,0.063,DC
2002-01-01,0.064,DC
2003-01-01,0.068,DC
2004-01-01,0.078,DC
2005-01-01,0.064,DC
2006-01-01,0.057999999999999996,DC
2007-01-01,0.055,DC
2008-01-01,0.065,DC
2009-01-01,0.09300000000000001,DC
2010-01-01,0.094,DC
2011-01-01,0.102,DC
2012-01-01,0.09,DC
2013-01-01,0.085,DC
2014-01-01,0.078,DC
2015-01-01,0.069,DC
2016-01-01,0.061,DC
2017-01-01,0.061,DC
2018-01-01,0.057,DC
2019-01-01,0.055,DC
1976-01-01,0.092,FL
1977-01-01,0.08199999999999999,FL
1978-01-01,0.067,FL
1979-01-01,0.059000000000000004,FL
1980-01-01,0.061,FL
1981-01-01,0.067,FL
1982-01-01,0.084,FL
1983-01-01,0.085,FL
1984-01-01,0.064,FL
1985-01-01,0.06,FL
1986-01-01,0.057999999999999996,FL
1987-01-01,0.053,FL
1988-01-01,0.051,FL
1989-01-01,0.055999999999999994,FL
1990-01-01,0.061,FL
1991-01-01,0.075,FL
1992-01-01,0.08199999999999999,FL
1993-01-01,0.071,FL
1994-01-01,0.064,FL
1995-01-01,0.055,FL
1996-01-01,0.052000000000000005,FL
1997-01-01,0.048,FL
1998-01-01,0.043,FL
1999-01-01,0.039,FL
2000-01-01,0.037000000000000005,FL
2001-01-01,0.047,FL
2002-01-01,0.055999999999999994,FL
2003-01-01,0.052000000000000005,FL
2004-01-01,0.046,FL
2005-01-01,0.037000000000000005,FL
2006-01-01,0.032,FL
2007-01-01,0.04,FL
2008-01-01,0.063,FL
2009-01-01,0.10400000000000001,FL
2010-01-01,0.111,FL
2011-01-01,0.1,FL
2012-01-01,0.085,FL
2013-01-01,0.07200000000000001,FL
2014-01-01,0.063,FL
2015-01-01,0.055,FL
2016-01-01,0.048,FL
2017-01-01,0.042,FL
2018-01-01,0.036000000000000004,FL
2019-01-01,0.031,FL
1976-01-01,0.08199999999999999,GA
1977-01-01,0.069,GA
1978-01-01,0.057,GA
1979-01-01,0.051,GA
1980-01-01,0.063,GA
1981-01-01,0.064,GA
1982-01-01,0.078,GA
1983-01-01,0.077,GA
1984-01-01,0.061,GA
1985-01-01,0.064,GA
1986-01-01,0.06,GA
1987-01-01,0.057,GA
1988-01-01,0.057,GA
1989-01-01,0.055,GA
1990-01-01,0.055,GA
1991-01-01,0.052000000000000005,GA
1992-01-01,0.069,GA
1993-01-01,0.06,GA
1994-01-01,0.052000000000000005,GA
1995-01-01,0.048,GA
1996-01-01,0.047,GA
1997-01-01,0.046,GA
1998-01-01,0.043,GA
1999-01-01,0.039,GA
2000-01-01,0.036000000000000004,GA
2001-01-01,0.04,GA
2002-01-01,0.05,GA
2003-01-01,0.048,GA
2004-01-01,0.048,GA
2005-01-01,0.053,GA
2006-01-01,0.047,GA
2007-01-01,0.045,GA
2008-01-01,0.062,GA
2009-01-01,0.099,GA
2010-01-01,0.105,GA
2011-01-01,0.102,GA
2012-01-01,0.092,GA
2013-01-01,0.08199999999999999,GA
2014-01-01,0.071,GA
2015-01-01,0.06,GA
2016-01-01,0.054000000000000006,GA
2017-01-01,0.047,GA
2018-01-01,0.039,GA
2019-01-01,0.034,GA
1976-01-01,0.094,HI
1977-01-01,0.079,HI
1978-01-01,0.071,HI
1979-01-01,0.061,HI
1980-01-01,0.05,HI
1981-01-01,0.054000000000000006,HI
1982-01-01,0.063,HI
1983-01-01,0.062,HI
1984-01-01,0.057,HI
1985-01-01,0.054000000000000006,HI
1986-01-01,0.048,HI
1987-01-01,0.038,HI
1988-01-01,0.032,HI
1989-01-01,0.025,HI
1990-01-01,0.027000000000000003,HI
1991-01-01,0.028999999999999998,HI
1992-01-01,0.043,HI
1993-01-01,0.045,HI
1994-01-01,0.055,HI
1995-01-01,0.059000000000000004,HI
1996-01-01,0.063,HI
1997-01-01,0.062,HI
1998-01-01,0.061,HI
1999-01-01,0.054000000000000006,HI
2000-01-01,0.042,HI
2001-01-01,0.045,HI
2002-01-01,0.042,HI
2003-01-01,0.040999999999999995,HI
2004-01-01,0.034,HI
2005-01-01,0.028999999999999998,HI
2006-01-01,0.026000000000000002,HI
2007-01-01,0.027999999999999997,HI
2008-01-01,0.043,HI
2009-01-01,0.07200000000000001,HI
2010-01-01,0.069,HI
2011-01-01,0.068,HI
2012-01-01,0.06,HI
2013-01-01,0.049,HI
2014-01-01,0.044000000000000004,HI
2015-01-01,0.036000000000000004,HI
2016-01-01,0.03,HI
2017-01-01,0.024,HI
2018-01-01,0.025,HI
2019-01-01,0.027000000000000003,HI
1976-01-01,0.055999999999999994,ID
1977-01-01,0.057999999999999996,ID
1978-01-01,0.054000000000000006,ID
1979-01-01,0.057999999999999996,ID
1980-01-01,0.075,ID
1981-01-01,0.077,ID
1982-01-01,0.099,ID
1983-01-01,0.08900000000000001,ID
1984-01-01,0.073,ID
1985-01-01,0.079,ID
1986-01-01,0.084,ID
1987-01-01,0.076,ID
1988-01-01,0.06,ID
1989-01-01,0.053,ID
1990-01-01,0.055,ID
1991-01-01,0.062,ID
1992-01-01,0.064,ID
1993-01-01,0.06,ID
1994-01-01,0.054000000000000006,ID
1995-01-01,0.054000000000000006,ID
1996-01-01,0.053,ID
1997-01-01,0.051,ID
1998-01-01,0.051,ID
1999-01-01,0.049,ID
2000-01-01,0.047,ID
2001-01-01,0.051,ID
2002-01-01,0.055999999999999994,ID
2003-01-01,0.055999999999999994,ID
2004-01-01,0.049,ID
2005-01-01,0.04,ID
2006-01-01,0.035,ID
2007-01-01,0.031,ID
2008-01-01,0.051,ID
2009-01-01,0.08800000000000001,ID
2010-01-01,0.09,ID
2011-01-01,0.083,ID
2012-01-01,0.07200000000000001,ID
2013-01-01,0.061,ID
2014-01-01,0.048,ID
2015-01-01,0.040999999999999995,ID
2016-01-01,0.038,ID
2017-01-01,0.032,ID
2018-01-01,0.028999999999999998,ID
2019-01-01,0.028999999999999998,ID
1976-01-01,0.066,IL
1977-01-01,0.062,IL
1978-01-01,0.06,IL
1979-01-01,0.055,IL
1980-01-01,0.08199999999999999,IL
1981-01-01,0.085,IL
1982-01-01,0.114,IL
1983-01-01,0.11800000000000001,IL
1984-01-01,0.09,IL
1985-01-01,0.091,IL
1986-01-01,0.083,IL
1987-01-01,0.07400000000000001,IL
1988-01-01,0.067,IL
1989-01-01,0.06,IL
1990-01-01,0.061,IL
1991-01-01,0.073,IL
1992-01-01,0.079,IL
1993-01-01,0.07400000000000001,IL
1994-01-01,0.057999999999999996,IL
1995-01-01,0.052000000000000005,IL
1996-01-01,0.053,IL
1997-01-01,0.048,IL
1998-01-01,0.044000000000000004,IL
1999-01-01,0.044000000000000004,IL
2000-01-01,0.043,IL
2001-01-01,0.053,IL
2002-01-01,0.065,IL
2003-01-01,0.068,IL
2004-01-01,0.062,IL
2005-01-01,0.057,IL
2006-01-01,0.045,IL
2007-01-01,0.05,IL
2008-01-01,0.063,IL
2009-01-01,0.102,IL
2010-01-01,0.10400000000000001,IL
2011-01-01,0.09699999999999999,IL
2012-01-01,0.09,IL
2013-01-01,0.09,IL
2014-01-01,0.071,IL
2015-01-01,0.06,IL
2016-01-01,0.057999999999999996,IL
2017-01-01,0.049,IL
2018-01-01,0.043,IL
2019-01-01,0.04,IL
1976-01-01,0.061,IN
1977-01-01,0.057999999999999996,IN
1978-01-01,0.055999999999999994,IN
1979-01-01,0.065,IN
1980-01-01,0.096,IN
1981-01-01,0.099,IN
1982-01-01,0.12,IN
1983-01-01,0.11199999999999999,IN
1984-01-01,0.086,IN
1985-01-01,0.078,IN
1986-01-01,0.069,IN
1987-01-01,0.062,IN
1988-01-01,0.052000000000000005,IN
1989-01-01,0.049,IN
1990-01-01,0.053,IN
1991-01-01,0.06,IN
1992-01-01,0.066,IN
1993-01-01,0.054000000000000006,IN
1994-01-01,0.049,IN
1995-01-01,0.046,IN
1996-01-01,0.040999999999999995,IN
1997-01-01,0.035,IN
1998-01-01,0.031,IN
1999-01-01,0.03,IN
2000-01-01,0.031,IN
2001-01-01,0.042,IN
2002-01-01,0.052000000000000005,IN
2003-01-01,0.053,IN
2004-01-01,0.054000000000000006,IN
2005-01-01,0.055,IN
2006-01-01,0.05,IN
2007-01-01,0.046,IN
2008-01-01,0.059000000000000004,IN
2009-01-01,0.10300000000000001,IN
2010-01-01,0.10400000000000001,IN
2011-01-01,0.091,IN
2012-01-01,0.083,IN
2013-01-01,0.077,IN
2014-01-01,0.06,IN
2015-01-01,0.048,IN
2016-01-01,0.044000000000000004,IN
2017-01-01,0.036000000000000004,IN
2018-01-01,0.035,IN
2019-01-01,0.033,IN
1976-01-01,0.04,IA
1977-01-01,0.039,IA
1978-01-01,0.039,IA
1979-01-01,0.042,IA
1980-01-01,0.06,IA
1981-01-01,0.066,IA
1982-01-01,0.085,IA
1983-01-01,0.081,IA
1984-01-01,0.07,IA
1985-01-01,0.075,IA
1986-01-01,0.068,IA
1987-01-01,0.055,IA
1988-01-01,0.045,IA
1989-01-01,0.042,IA
1990-01-01,0.044000000000000004,IA
1991-01-01,0.047,IA
1992-01-01,0.045,IA
1993-01-01,0.04,IA
1994-01-01,0.035,IA
1995-01-01,0.034,IA
1996-01-01,0.035,IA
1997-01-01,0.031,IA
1998-01-01,0.027000000000000003,IA
1999-01-01,0.026000000000000002,IA
2000-01-01,0.026000000000000002,IA
2001-01-01,0.033,IA
2002-01-01,0.04,IA
2003-01-01,0.045,IA
2004-01-01,0.045,IA
2005-01-01,0.043,IA
2006-01-01,0.037000000000000005,IA
2007-01-01,0.037000000000000005,IA
2008-01-01,0.042,IA
2009-01-01,0.064,IA
2010-01-01,0.06,IA
2011-01-01,0.055,IA
2012-01-01,0.05,IA
2013-01-01,0.047,IA
2014-01-01,0.042,IA
2015-01-01,0.038,IA
2016-01-01,0.036000000000000004,IA
2017-01-01,0.031,IA
2018-01-01,0.026000000000000002,IA
2019-01-01,0.027000000000000003,IA
1976-01-01,0.042,KS
1977-01-01,0.039,KS
1978-01-01,0.031,KS
1979-01-01,0.032,KS
1980-01-01,0.044000000000000004,KS
1981-01-01,0.043,KS
1982-01-01,0.063,KS
1983-01-01,0.059000000000000004,KS
1984-01-01,0.049,KS
1985-01-01,0.051,KS
1986-01-01,0.053,KS
1987-01-01,0.048,KS
1988-01-01,0.045,KS
1989-01-01,0.042,KS
1990-01-01,0.043,KS
1991-01-01,0.044000000000000004,KS
1992-01-01,0.045,KS
1993-01-01,0.05,KS
1994-01-01,0.049,KS
1995-01-01,0.044000000000000004,KS
1996-01-01,0.043,KS
1997-01-01,0.038,KS
1998-01-01,0.035,KS
1999-01-01,0.033,KS
2000-01-01,0.036000000000000004,KS
2001-01-01,0.042,KS
2002-01-01,0.051,KS
2003-01-01,0.055,KS
2004-01-01,0.055,KS
2005-01-01,0.05,KS
2006-01-01,0.044000000000000004,KS
2007-01-01,0.042,KS
2008-01-01,0.046,KS
2009-01-01,0.069,KS
2010-01-01,0.071,KS
2011-01-01,0.065,KS
2012-01-01,0.057,KS
2013-01-01,0.053,KS
2014-01-01,0.045,KS
2015-01-01,0.042,KS
2016-01-01,0.04,KS
2017-01-01,0.036000000000000004,KS
2018-01-01,0.033,KS
2019-01-01,0.032,KS
1976-01-01,0.054000000000000006,KY
1977-01-01,0.048,KY
1978-01-01,0.051,KY
1979-01-01,0.055,KY
1980-01-01,0.08,KY
1981-01-01,0.086,KY
1982-01-01,0.10800000000000001,KY
1983-01-01,0.114,KY
1984-01-01,0.09300000000000001,KY
1985-01-01,0.092,KY
1986-01-01,0.094,KY
1987-01-01,0.085,KY
1988-01-01,0.076,KY
1989-01-01,0.064,KY
1990-01-01,0.06,KY
1991-01-01,0.073,KY
1992-01-01,0.069,KY
1993-01-01,0.062,KY
1994-01-01,0.054000000000000006,KY
1995-01-01,0.054000000000000006,KY
1996-01-01,0.055,KY
1997-01-01,0.053,KY
1998-01-01,0.046,KY
1999-01-01,0.045,KY
2000-01-01,0.042,KY
2001-01-01,0.052000000000000005,KY
2002-01-01,0.057,KY
2003-01-01,0.061,KY
2004-01-01,0.054000000000000006,KY
2005-01-01,0.059000000000000004,KY
2006-01-01,0.057,KY
2007-01-01,0.054000000000000006,KY
2008-01-01,0.064,KY
2009-01-01,0.10300000000000001,KY
2010-01-01,0.102,KY
2011-01-01,0.094,KY
2012-01-01,0.08199999999999999,KY
2013-01-01,0.08,KY
2014-01-01,0.065,KY
2015-01-01,0.053,KY
2016-01-01,0.051,KY
2017-01-01,0.049,KY
2018-01-01,0.043,KY
2019-01-01,0.043,KY
1976-01-01,0.067,LA
1977-01-01,0.071,LA
1978-01-01,0.068,LA
1979-01-01,0.066,LA
1980-01-01,0.069,LA
1981-01-01,0.084,LA
1982-01-01,0.10300000000000001,LA
1983-01-01,0.115,LA
1984-01-01,0.10099999999999999,LA
1985-01-01,0.11599999999999999,LA
1986-01-01,0.128,LA
1987-01-01,0.121,LA
1988-01-01,0.10800000000000001,LA
1989-01-01,0.08,LA
1990-01-01,0.062,LA
1991-01-01,0.073,LA
1992-01-01,0.08,LA
1993-01-01,0.076,LA
1994-01-01,0.078,LA
1995-01-01,0.07,LA
1996-01-01,0.066,LA
1997-01-01,0.06,LA
1998-01-01,0.057,LA
1999-01-01,0.051,LA
2000-01-01,0.053,LA
2001-01-01,0.057,LA
2002-01-01,0.061,LA
2003-01-01,0.064,LA
2004-01-01,0.059000000000000004,LA
2005-01-01,0.07200000000000001,LA
2006-01-01,0.045,LA
2007-01-01,0.043,LA
2008-01-01,0.049,LA
2009-01-01,0.068,LA
2010-01-01,0.08,LA
2011-01-01,0.078,LA
2012-01-01,0.071,LA
2013-01-01,0.067,LA
2014-01-01,0.064,LA
2015-01-01,0.063,LA
2016-01-01,0.061,LA
2017-01-01,0.051,LA
2018-01-01,0.049,LA
2019-01-01,0.048,LA
1976-01-01,0.087,ME
1977-01-01,0.083,ME
1978-01-01,0.064,ME
1979-01-01,0.068,ME
1980-01-01,0.076,ME
1981-01-01,0.07400000000000001,ME
1982-01-01,0.084,ME
1983-01-01,0.083,ME
1984-01-01,0.062,ME
1985-01-01,0.055,ME
1986-01-01,0.053,ME
1987-01-01,0.044000000000000004,ME
1988-01-01,0.036000000000000004,ME
1989-01-01,0.04,ME
1990-01-01,0.053,ME
1991-01-01,0.075,ME
1992-01-01,0.073,ME
1993-01-01,0.073,ME
1994-01-01,0.07,ME
1995-01-01,0.06,ME
1996-01-01,0.052000000000000005,ME
1997-01-01,0.051,ME
1998-01-01,0.045,ME
1999-01-01,0.04,ME
2000-01-01,0.034,ME
2001-01-01,0.038,ME
2002-01-01,0.043,ME
2003-01-01,0.05,ME
2004-01-01,0.046,ME
2005-01-01,0.049,ME
2006-01-01,0.046,ME
2007-01-01,0.047,ME
2008-01-01,0.055,ME
2009-01-01,0.081,ME
2010-01-01,0.081,ME
2011-01-01,0.079,ME
2012-01-01,0.075,ME
2013-01-01,0.066,ME
2014-01-01,0.055999999999999994,ME
2015-01-01,0.044000000000000004,ME
2016-01-01,0.038,ME
2017-01-01,0.034,ME
2018-01-01,0.032,ME
2019-01-01,0.03,ME
1976-01-01,0.066,MD
1977-01-01,0.063,MD
1978-01-01,0.055,MD
1979-01-01,0.057999999999999996,MD
1980-01-01,0.066,MD
1981-01-01,0.073,MD
1982-01-01,0.083,MD
1983-01-01,0.07,MD
1984-01-01,0.054000000000000006,MD
1985-01-01,0.046,MD
1986-01-01,0.046,MD
1987-01-01,0.044000000000000004,MD
1988-01-01,0.043,MD
1989-01-01,0.038,MD
1990-01-01,0.045,MD
1991-01-01,0.061,MD
1992-01-01,0.068,MD
1993-01-01,0.062,MD
1994-01-01,0.053,MD
1995-01-01,0.05,MD
1996-01-01,0.05,MD
1997-01-01,0.05,MD
1998-01-01,0.044000000000000004,MD
1999-01-01,0.036000000000000004,MD
2000-01-01,0.036000000000000004,MD
2001-01-01,0.04,MD
2002-01-01,0.044000000000000004,MD
2003-01-01,0.044000000000000004,MD
2004-01-01,0.043,MD
2005-01-01,0.040999999999999995,MD
2006-01-01,0.039,MD
2007-01-01,0.035,MD
2008-01-01,0.042,MD
2009-01-01,0.07,MD
2010-01-01,0.077,MD
2011-01-01,0.07200000000000001,MD
2012-01-01,0.07,MD
2013-01-01,0.066,MD
2014-01-01,0.057999999999999996,MD
2015-01-01,0.051,MD
2016-01-01,0.045,MD
2017-01-01,0.042,MD
2018-01-01,0.039,MD
2019-01-01,0.036000000000000004,MD
1976-01-01,0.096,MA
1977-01-01,0.078,MA
1978-01-01,0.062,MA
1979-01-01,0.055,MA
1980-01-01,0.055999999999999994,MA
1981-01-01,0.065,MA
1982-01-01,0.077,MA
1983-01-01,0.068,MA
1984-01-01,0.048,MA
1985-01-01,0.04,MA
1986-01-01,0.039,MA
1987-01-01,0.032,MA
1988-01-01,0.033,MA
1989-01-01,0.042,MA
1990-01-01,0.063,MA
1991-01-01,0.086,MA
1992-01-01,0.085,MA
1993-01-01,0.07,MA
1994-01-01,0.06,MA
1995-01-01,0.053,MA
1996-01-01,0.044000000000000004,MA
1997-01-01,0.039,MA
1998-01-01,0.033,MA
1999-01-01,0.032,MA
2000-01-01,0.027000000000000003,MA
2001-01-01,0.037000000000000005,MA
2002-01-01,0.053,MA
2003-01-01,0.057,MA
2004-01-01,0.051,MA
2005-01-01,0.048,MA
2006-01-01,0.049,MA
2007-01-01,0.046,MA
2008-01-01,0.055,MA
2009-01-01,0.081,MA
2010-01-01,0.083,MA
2011-01-01,0.073,MA
2012-01-01,0.067,MA
2013-01-01,0.067,MA
2014-01-01,0.057,MA
2015-01-01,0.048,MA
2016-01-01,0.039,MA
2017-01-01,0.037000000000000005,MA
2018-01-01,0.034,MA
2019-01-01,0.028999999999999998,MA
1976-01-01,0.094,MI
1977-01-01,0.08199999999999999,MI
1978-01-01,0.07,MI
1979-01-01,0.078,MI
1980-01-01,0.12300000000000001,MI
1981-01-01,0.124,MI
1982-01-01,0.154,MI
1983-01-01,0.14400000000000002,MI
1984-01-01,0.11199999999999999,MI
1985-01-01,0.1,MI
1986-01-01,0.08800000000000001,MI
1987-01-01,0.083,MI
1988-01-01,0.075,MI
1989-01-01,0.071,MI
1990-01-01,0.076,MI
1991-01-01,0.092,MI
1992-01-01,0.09,MI
1993-01-01,0.07200000000000001,MI
1994-01-01,0.06,MI
1995-01-01,0.053,MI
1996-01-01,0.049,MI
1997-01-01,0.043,MI
1998-01-01,0.039,MI
1999-01-01,0.037000000000000005,MI
2000-01-01,0.036000000000000004,MI
2001-01-01,0.052000000000000005,MI
2002-01-01,0.063,MI
2003-01-01,0.07200000000000001,MI
2004-01-01,0.07,MI
2005-01-01,0.068,MI
2006-01-01,0.07,MI
2007-01-01,0.07,MI
2008-01-01,0.08,MI
2009-01-01,0.13699999999999998,MI
2010-01-01,0.126,MI
2011-01-01,0.10400000000000001,MI
2012-01-01,0.091,MI
2013-01-01,0.08800000000000001,MI
2014-01-01,0.07200000000000001,MI
2015-01-01,0.054000000000000006,MI
2016-01-01,0.05,MI
2017-01-01,0.046,MI
2018-01-01,0.040999999999999995,MI
2019-01-01,0.040999999999999995,MI
1976-01-01,0.057999999999999996,MN
1977-01-01,0.053,MN
1978-01-01,0.039,MN
1979-01-01,0.042,MN
1980-01-01,0.057999999999999996,MN
1981-01-01,0.057999999999999996,MN
1982-01-01,0.079,MN
1983-01-01,0.08,MN
1984-01-01,0.063,MN
1985-01-01,0.06,MN
1986-01-01,0.055,MN
1987-01-01,0.051,MN
1988-01-01,0.043,MN
1989-01-01,0.043,MN
1990-01-01,0.048,MN
1991-01-01,0.051,MN
1992-01-01,0.051,MN
1993-01-01,0.05,MN
1994-01-01,0.040999999999999995,MN
1995-01-01,0.037000000000000005,MN
1996-01-01,0.04,MN
1997-01-01,0.033,MN
1998-01-01,0.027000000000000003,MN
1999-01-01,0.027999999999999997,MN
2000-01-01,0.032,MN
2001-01-01,0.038,MN
2002-01-01,0.045,MN
2003-01-01,0.049,MN
2004-01-01,0.047,MN
2005-01-01,0.040999999999999995,MN
2006-01-01,0.04,MN
2007-01-01,0.046,MN
2008-01-01,0.054000000000000006,MN
2009-01-01,0.078,MN
2010-01-01,0.07400000000000001,MN
2011-01-01,0.065,MN
2012-01-01,0.055999999999999994,MN
2013-01-01,0.05,MN
2014-01-01,0.042,MN
2015-01-01,0.037000000000000005,MN
2016-01-01,0.039,MN
2017-01-01,0.034,MN
2018-01-01,0.028999999999999998,MN
2019-01-01,0.032,MN
1976-01-01,0.066,MS
1977-01-01,0.073,MS
1978-01-01,0.069,MS
1979-01-01,0.057,MS
1980-01-01,0.07400000000000001,MS
1981-01-01,0.085,MS
1982-01-01,0.111,MS
1983-01-01,0.121,MS
1984-01-01,0.105,MS
1985-01-01,0.10400000000000001,MS
1986-01-01,0.114,MS
1987-01-01,0.1,MS
1988-01-01,0.084,MS
1989-01-01,0.078,MS
1990-01-01,0.076,MS
1991-01-01,0.085,MS
1992-01-01,0.081,MS
1993-01-01,0.066,MS
1994-01-01,0.063,MS
1995-01-01,0.062,MS
1996-01-01,0.06,MS
1997-01-01,0.057,MS
1998-01-01,0.053,MS
1999-01-01,0.051,MS
2000-01-01,0.054000000000000006,MS
2001-01-01,0.055,MS
2002-01-01,0.066,MS
2003-01-01,0.063,MS
2004-01-01,0.062,MS
2005-01-01,0.075,MS
2006-01-01,0.065,MS
2007-01-01,0.061,MS
2008-01-01,0.066,MS
2009-01-01,0.095,MS
2010-01-01,0.10400000000000001,MS
2011-01-01,0.1,MS
2012-01-01,0.09,MS
2013-01-01,0.085,MS
2014-01-01,0.075,MS
2015-01-01,0.064,MS
2016-01-01,0.057999999999999996,MS
2017-01-01,0.051,MS
2018-01-01,0.048,MS
2019-01-01,0.054000000000000006,MS
1976-01-01,0.062,MO
1977-01-01,0.06,MO
1978-01-01,0.049,MO
1979-01-01,0.048,MO
1980-01-01,0.07200000000000001,MO
1981-01-01,0.076,MO
1982-01-01,0.092,MO
1983-01-01,0.099,MO
1984-01-01,0.07200000000000001,MO
1985-01-01,0.065,MO
1986-01-01,0.062,MO
1987-01-01,0.063,MO
1988-01-01,0.057,MO
1989-01-01,0.055,MO
1990-01-01,0.057999999999999996,MO
1991-01-01,0.066,MO
1992-01-01,0.062,MO
1993-01-01,0.062,MO
1994-01-01,0.051,MO
1995-01-01,0.047,MO
1996-01-01,0.048,MO
1997-01-01,0.043,MO
1998-01-01,0.042,MO
1999-01-01,0.033,MO
2000-01-01,0.036000000000000004,MO
2001-01-01,0.046,MO
2002-01-01,0.054000000000000006,MO
2003-01-01,0.055999999999999994,MO
2004-01-01,0.059000000000000004,MO
2005-01-01,0.054000000000000006,MO
2006-01-01,0.048,MO
2007-01-01,0.051,MO
2008-01-01,0.061,MO
2009-01-01,0.09300000000000001,MO
2010-01-01,0.096,MO
2011-01-01,0.085,MO
2012-01-01,0.069,MO
2013-01-01,0.067,MO
2014-01-01,0.061,MO
2015-01-01,0.05,MO
2016-01-01,0.046,MO
2017-01-01,0.037000000000000005,MO
2018-01-01,0.032,MO
2019-01-01,0.033,MO
1976-01-01,0.06,MT
1977-01-01,0.063,MT
1978-01-01,0.057,MT
1979-01-01,0.052000000000000005,MT
1980-01-01,0.061,MT
1981-01-01,0.068,MT
1982-01-01,0.085,MT
1983-01-01,0.086,MT
1984-01-01,0.076,MT
1985-01-01,0.077,MT
1986-01-01,0.079,MT
1987-01-01,0.07400000000000001,MT
1988-01-01,0.066,MT
1989-01-01,0.057999999999999996,MT
1990-01-01,0.06,MT
1991-01-01,0.069,MT
1992-01-01,0.067,MT
1993-01-01,0.06,MT
1994-01-01,0.052000000000000005,MT
1995-01-01,0.057,MT
1996-01-01,0.053,MT
1997-01-01,0.053,MT
1998-01-01,0.055,MT
1999-01-01,0.053,MT
2000-01-01,0.05,MT
2001-01-01,0.045,MT
2002-01-01,0.044000000000000004,MT
2003-01-01,0.047,MT
2004-01-01,0.048,MT
2005-01-01,0.044000000000000004,MT
2006-01-01,0.035,MT
2007-01-01,0.036000000000000004,MT
2008-01-01,0.051,MT
2009-01-01,0.068,MT
2010-01-01,0.073,MT
2011-01-01,0.069,MT
2012-01-01,0.06,MT
2013-01-01,0.054000000000000006,MT
2014-01-01,0.047,MT
2015-01-01,0.042,MT
2016-01-01,0.040999999999999995,MT
2017-01-01,0.039,MT
2018-01-01,0.036000000000000004,MT
2019-01-01,0.035,MT
1976-01-01,0.032,NE
1977-01-01,0.034,NE
1978-01-01,0.031,NE
1979-01-01,0.03,NE
1980-01-01,0.039,NE
1981-01-01,0.042,NE
1982-01-01,0.055999999999999994,NE
1983-01-01,0.055999999999999994,NE
1984-01-01,0.045,NE
1985-01-01,0.052000000000000005,NE
1986-01-01,0.05,NE
1987-01-01,0.044000000000000004,NE
1988-01-01,0.036000000000000004,NE
1989-01-01,0.028999999999999998,NE
1990-01-01,0.023,NE
1991-01-01,0.027000000000000003,NE
1992-01-01,0.028999999999999998,NE
1993-01-01,0.027999999999999997,NE
1994-01-01,0.026000000000000002,NE
1995-01-01,0.026000000000000002,NE
1996-01-01,0.027000000000000003,NE
1997-01-01,0.025,NE
1998-01-01,0.026000000000000002,NE
1999-01-01,0.027999999999999997,NE
2000-01-01,0.027999999999999997,NE
2001-01-01,0.031,NE
2002-01-01,0.036000000000000004,NE
2003-01-01,0.039,NE
2004-01-01,0.039,NE
2005-01-01,0.038,NE
2006-01-01,0.031,NE
2007-01-01,0.03,NE
2008-01-01,0.033,NE
2009-01-01,0.046,NE
2010-01-01,0.046,NE
2011-01-01,0.044000000000000004,NE
2012-01-01,0.04,NE
2013-01-01,0.038,NE
2014-01-01,0.033,NE
2015-01-01,0.03,NE
2016-01-01,0.031,NE
2017-01-01,0.028999999999999998,NE
2018-01-01,0.028999999999999998,NE
2019-01-01,0.03,NE
1976-01-01,0.08800000000000001,NV
1977-01-01,0.067,NV
1978-01-01,0.045,NV
1979-01-01,0.049,NV
1980-01-01,0.062,NV
1981-01-01,0.07200000000000001,NV
1982-01-01,0.099,NV
1983-01-01,0.096,NV
1984-01-01,0.079,NV
1985-01-01,0.077,NV
1986-01-01,0.062,NV
1987-01-01,0.061,NV
1988-01-01,0.052000000000000005,NV
1989-01-01,0.047,NV
1990-01-01,0.047,NV
1991-01-01,0.057999999999999996,NV
1992-01-01,0.067,NV
1993-01-01,0.068,NV
1994-01-01,0.062,NV
1995-01-01,0.055999999999999994,NV
1996-01-01,0.05,NV
1997-01-01,0.044000000000000004,NV
1998-01-01,0.042,NV
1999-01-01,0.04,NV
2000-01-01,0.042,NV
2001-01-01,0.052000000000000005,NV
2002-01-01,0.055999999999999994,NV
2003-01-01,0.051,NV
2004-01-01,0.043,NV
2005-01-01,0.040999999999999995,NV
2006-01-01,0.04,NV
2007-01-01,0.045,NV
2008-01-01,0.067,NV
2009-01-01,0.113,NV
2010-01-01,0.135,NV
2011-01-01,0.13,NV
2012-01-01,0.11199999999999999,NV
2013-01-01,0.096,NV
2014-01-01,0.079,NV
2015-01-01,0.067,NV
2016-01-01,0.057,NV
2017-01-01,0.05,NV
2018-01-01,0.044000000000000004,NV
2019-01-01,0.039,NV
1976-01-01,0.065,NH
1977-01-01,0.054000000000000006,NH
1978-01-01,0.038,NH
1979-01-01,0.032,NH
1980-01-01,0.045,NH
1981-01-01,0.052000000000000005,NH
1982-01-01,0.068,NH
1983-01-01,0.055,NH
1984-01-01,0.043,NH
1985-01-01,0.037000000000000005,NH
1986-01-01,0.027999999999999997,NH
1987-01-01,0.023,NH
1988-01-01,0.024,NH
1989-01-01,0.035,NH
1990-01-01,0.057,NH
1991-01-01,0.073,NH
1992-01-01,0.073,NH
1993-01-01,0.061,NH
1994-01-01,0.047,NH
1995-01-01,0.04,NH
1996-01-01,0.038,NH
1997-01-01,0.033,NH
1998-01-01,0.027999999999999997,NH
1999-01-01,0.027000000000000003,NH
2000-01-01,0.027000000000000003,NH
2001-01-01,0.034,NH
2002-01-01,0.045,NH
2003-01-01,0.043,NH
2004-01-01,0.038,NH
2005-01-01,0.036000000000000004,NH
2006-01-01,0.034,NH
2007-01-01,0.035,NH
2008-01-01,0.039,NH
2009-01-01,0.062,NH
2010-01-01,0.057999999999999996,NH
2011-01-01,0.054000000000000006,NH
2012-01-01,0.055,NH
2013-01-01,0.051,NH
2014-01-01,0.043,NH
2015-01-01,0.034,NH
2016-01-01,0.028999999999999998,NH
2017-01-01,0.027000000000000003,NH
2018-01-01,0.026000000000000002,NH
2019-01-01,0.025,NH
1976-01-01,0.10400000000000001,NJ
1977-01-01,0.094,NJ
1978-01-01,0.073,NJ
1979-01-01,0.069,NJ
1980-01-01,0.07200000000000001,NJ
1981-01-01,0.07400000000000001,NJ
1982-01-01,0.087,NJ
1983-01-01,0.08,NJ
1984-01-01,0.062,NJ
1985-01-01,0.055999999999999994,NJ
1986-01-01,0.05,NJ
1987-01-01,0.040999999999999995,NJ
1988-01-01,0.038,NJ
1989-01-01,0.040999999999999995,NJ
1990-01-01,0.05,NJ
1991-01-01,0.067,NJ
1992-01-01,0.084,NJ
1993-01-01,0.076,NJ
1994-01-01,0.068,NJ
1995-01-01,0.064,NJ
1996-01-01,0.061,NJ
1997-01-01,0.053,NJ
1998-01-01,0.046,NJ
1999-01-01,0.045,NJ
2000-01-01,0.037000000000000005,NJ
2001-01-01,0.043,NJ
2002-01-01,0.057999999999999996,NJ
2003-01-01,0.057999999999999996,NJ
2004-01-01,0.048,NJ
2005-01-01,0.045,NJ
2006-01-01,0.047,NJ
2007-01-01,0.043,NJ
2008-01-01,0.053,NJ
2009-01-01,0.091,NJ
2010-01-01,0.095,NJ
2011-01-01,0.09300000000000001,NJ
2012-01-01,0.09300000000000001,NJ
2013-01-01,0.08199999999999999,NJ
2014-01-01,0.068,NJ
2015-01-01,0.057999999999999996,NJ
2016-01-01,0.05,NJ
2017-01-01,0.046,NJ
2018-01-01,0.040999999999999995,NJ
2019-01-01,0.036000000000000004,NJ
1976-01-01,0.08900000000000001,NM
1977-01-01,0.076,NM
1978-01-01,0.059000000000000004,NM
1979-01-01,0.064,NM
1980-01-01,0.076,NM
1981-01-01,0.073,NM
1982-01-01,0.092,NM
1983-01-01,0.09699999999999999,NM
1984-01-01,0.078,NM
1985-01-01,0.083,NM
1986-01-01,0.09300000000000001,NM
1987-01-01,0.087,NM
1988-01-01,0.075,NM
1989-01-01,0.067,NM
1990-01-01,0.066,NM
1991-01-01,0.071,NM
1992-01-01,0.07200000000000001,NM
1993-01-01,0.07,NM
1994-01-01,0.065,NM
1995-01-01,0.066,NM
1996-01-01,0.07200000000000001,NM
1997-01-01,0.063,NM
1998-01-01,0.061,NM
1999-01-01,0.055999999999999994,NM
2000-01-01,0.049,NM
2001-01-01,0.049,NM
2002-01-01,0.055,NM
2003-01-01,0.059000000000000004,NM
2004-01-01,0.055,NM
2005-01-01,0.051,NM
2006-01-01,0.042,NM
2007-01-01,0.038,NM
2008-01-01,0.045,NM
2009-01-01,0.075,NM
2010-01-01,0.081,NM
2011-01-01,0.075,NM
2012-01-01,0.071,NM
2013-01-01,0.069,NM
2014-01-01,0.067,NM
2015-01-01,0.065,NM
2016-01-01,0.066,NM
2017-01-01,0.059000000000000004,NM
2018-01-01,0.049,NM
2019-01-01,0.049,NM
1976-01-01,0.102,NY
1977-01-01,0.091,NY
1978-01-01,0.078,NY
1979-01-01,0.07200000000000001,NY
1980-01-01,0.075,NY
1981-01-01,0.076,NY
1982-01-01,0.085,NY
1983-01-01,0.087,NY
1984-01-01,0.07200000000000001,NY
1985-01-01,0.066,NY
1986-01-01,0.062,NY
1987-01-01,0.049,NY
1988-01-01,0.043,NY
1989-01-01,0.05,NY
1990-01-01,0.053,NY
1991-01-01,0.07200000000000001,NY
1992-01-01,0.086,NY
1993-01-01,0.079,NY
1994-01-01,0.069,NY
1995-01-01,0.063,NY
1996-01-01,0.062,NY
1997-01-01,0.064,NY
1998-01-01,0.055999999999999994,NY
1999-01-01,0.052000000000000005,NY
2000-01-01,0.045,NY
2001-01-01,0.048,NY
2002-01-01,0.061,NY
2003-01-01,0.064,NY
2004-01-01,0.057999999999999996,NY
2005-01-01,0.05,NY
2006-01-01,0.045,NY
2007-01-01,0.046,NY
2008-01-01,0.054000000000000006,NY
2009-01-01,0.083,NY
2010-01-01,0.086,NY
2011-01-01,0.083,NY
2012-01-01,0.085,NY
2013-01-01,0.077,NY
2014-01-01,0.063,NY
2015-01-01,0.053,NY
2016-01-01,0.049,NY
2017-01-01,0.047,NY
2018-01-01,0.040999999999999995,NY
2019-01-01,0.04,NY
1976-01-01,0.063,NC
1977-01-01,0.059000000000000004,NC
1978-01-01,0.045,NC
1979-01-01,0.048,NC
1980-01-01,0.064,NC
1981-01-01,0.065,NC
1982-01-01,0.092,NC
1983-01-01,0.09,NC
1984-01-01,0.067,NC
1985-01-01,0.055999999999999994,NC
1986-01-01,0.053,NC
1987-01-01,0.045,NC
1988-01-01,0.036000000000000004,NC
1989-01-01,0.035,NC
1990-01-01,0.040999999999999995,NC
1991-01-01,0.057999999999999996,NC
1992-01-01,0.06,NC
1993-01-01,0.05,NC
1994-01-01,0.044000000000000004,NC
1995-01-01,0.043,NC
1996-01-01,0.043,NC
1997-01-01,0.037000000000000005,NC
1998-01-01,0.035,NC
1999-01-01,0.032,NC
2000-01-01,0.037000000000000005,NC
2001-01-01,0.055,NC
2002-01-01,0.066,NC
2003-01-01,0.064,NC
2004-01-01,0.055,NC
2005-01-01,0.052000000000000005,NC
2006-01-01,0.047,NC
2007-01-01,0.047,NC
2008-01-01,0.061,NC
2009-01-01,0.106,NC
2010-01-01,0.109,NC
2011-01-01,0.10300000000000001,NC
2012-01-01,0.09300000000000001,NC
2013-01-01,0.08,NC
2014-01-01,0.063,NC
2015-01-01,0.057,NC
2016-01-01,0.051,NC
2017-01-01,0.045,NC
2018-01-01,0.04,NC
2019-01-01,0.039,NC
1976-01-01,0.037000000000000005,ND
1977-01-01,0.045,ND
1978-01-01,0.043,ND
1979-01-01,0.04,ND
1980-01-01,0.049,ND
1981-01-01,0.048,ND
1982-01-01,0.055999999999999994,ND
1983-01-01,0.057,ND
1984-01-01,0.053,ND
1985-01-01,0.057,ND
1986-01-01,0.059000000000000004,ND
1987-01-01,0.05,ND
1988-01-01,0.047,ND
1989-01-01,0.043,ND
1990-01-01,0.04,ND
1991-01-01,0.044000000000000004,ND
1992-01-01,0.047,ND
1993-01-01,0.043,ND
1994-01-01,0.037000000000000005,ND
1995-01-01,0.032,ND
1996-01-01,0.028999999999999998,ND
1997-01-01,0.027000000000000003,ND
1998-01-01,0.028999999999999998,ND
1999-01-01,0.033,ND
2000-01-01,0.03,ND
2001-01-01,0.028999999999999998,ND
2002-01-01,0.037000000000000005,ND
2003-01-01,0.037000000000000005,ND
2004-01-01,0.034,ND
2005-01-01,0.034,ND
2006-01-01,0.032,ND
2007-01-01,0.031,ND
2008-01-01,0.032,ND
2009-01-01,0.040999999999999995,ND
2010-01-01,0.038,ND
2011-01-01,0.035,ND
2012-01-01,0.031,ND
2013-01-01,0.028999999999999998,ND
2014-01-01,0.027000000000000003,ND
2015-01-01,0.027999999999999997,ND
2016-01-01,0.031,ND
2017-01-01,0.027000000000000003,ND
2018-01-01,0.026000000000000002,ND
2019-01-01,0.024,ND
1976-01-01,0.078,OH
1977-01-01,0.065,OH
1978-01-01,0.055,OH
1979-01-01,0.057999999999999996,OH
1980-01-01,0.084,OH
1981-01-01,0.094,OH
1982-01-01,0.127,OH
1983-01-01,0.124,OH
1984-01-01,0.095,OH
1985-01-01,0.08900000000000001,OH
1986-01-01,0.083,OH
1987-01-01,0.071,OH
1988-01-01,0.06,OH
1989-01-01,0.055,OH
1990-01-01,0.055999999999999994,OH
1991-01-01,0.065,OH
1992-01-01,0.07400000000000001,OH
1993-01-01,0.066,OH
1994-01-01,0.055999999999999994,OH
1995-01-01,0.048,OH
1996-01-01,0.05,OH
1997-01-01,0.046,OH
1998-01-01,0.043,OH
1999-01-01,0.043,OH
2000-01-01,0.04,OH
2001-01-01,0.043,OH
2002-01-01,0.057,OH
2003-01-01,0.062,OH
2004-01-01,0.063,OH
2005-01-01,0.059000000000000004,OH
2006-01-01,0.054000000000000006,OH
2007-01-01,0.055999999999999994,OH
2008-01-01,0.064,OH
2009-01-01,0.10300000000000001,OH
2010-01-01,0.10300000000000001,OH
2011-01-01,0.08800000000000001,OH
2012-01-01,0.07400000000000001,OH
2013-01-01,0.075,OH
2014-01-01,0.057999999999999996,OH
2015-01-01,0.049,OH
2016-01-01,0.05,OH
2017-01-01,0.05,OH
2018-01-01,0.045,OH
2019-01-01,0.040999999999999995,OH
1976-01-01,0.057,OK
1977-01-01,0.049,OK
1978-01-01,0.036000000000000004,OK
1979-01-01,0.034,OK
1980-01-01,0.044000000000000004,OK
1981-01-01,0.036000000000000004,OK
1982-01-01,0.06,OK
1983-01-01,0.084,OK
1984-01-01,0.071,OK
1985-01-01,0.07200000000000001,OK
1986-01-01,0.08199999999999999,OK
1987-01-01,0.073,OK
1988-01-01,0.064,OK
1989-01-01,0.055999999999999994,OK
1990-01-01,0.057,OK
1991-01-01,0.063,OK
1992-01-01,0.06,OK
1993-01-01,0.059000000000000004,OK
1994-01-01,0.055999999999999994,OK
1995-01-01,0.046,OK
1996-01-01,0.040999999999999995,OK
1997-01-01,0.040999999999999995,OK
1998-01-01,0.043,OK
1999-01-01,0.035,OK
2000-01-01,0.03,OK
2001-01-01,0.037000000000000005,OK
2002-01-01,0.047,OK
2003-01-01,0.055,OK
2004-01-01,0.049,OK
2005-01-01,0.045,OK
2006-01-01,0.04,OK
2007-01-01,0.040999999999999995,OK
2008-01-01,0.037000000000000005,OK
2009-01-01,0.064,OK
2010-01-01,0.068,OK
2011-01-01,0.059000000000000004,OK
2012-01-01,0.052000000000000005,OK
2013-01-01,0.053,OK
2014-01-01,0.045,OK
2015-01-01,0.044000000000000004,OK
2016-01-01,0.048,OK
2017-01-01,0.042,OK
2018-01-01,0.034,OK
2019-01-01,0.033,OK
1976-01-01,0.094,OR
1977-01-01,0.07400000000000001,OR
1978-01-01,0.06,OR
1979-01-01,0.067,OR
1980-01-01,0.085,OR
1981-01-01,0.098,OR
1982-01-01,0.115,OR
1983-01-01,0.10800000000000001,OR
1984-01-01,0.094,OR
1985-01-01,0.08800000000000001,OR
1986-01-01,0.08,OR
1987-01-01,0.063,OR
1988-01-01,0.057999999999999996,OR
1989-01-01,0.054000000000000006,OR
1990-01-01,0.055,OR
1991-01-01,0.064,OR
1992-01-01,0.07400000000000001,OR
1993-01-01,0.07,OR
1994-01-01,0.054000000000000006,OR
1995-01-01,0.049,OR
1996-01-01,0.057,OR
1997-01-01,0.057,OR
1998-01-01,0.057,OR
1999-01-01,0.055,OR
2000-01-01,0.051,OR
2001-01-01,0.064,OR
2002-01-01,0.075,OR
2003-01-01,0.081,OR
2004-01-01,0.073,OR
2005-01-01,0.062,OR
2006-01-01,0.053,OR
2007-01-01,0.052000000000000005,OR
2008-01-01,0.065,OR
2009-01-01,0.113,OR
2010-01-01,0.106,OR
2011-01-01,0.095,OR
2012-01-01,0.08800000000000001,OR
2013-01-01,0.079,OR
2014-01-01,0.068,OR
2015-01-01,0.055999999999999994,OR
2016-01-01,0.048,OR
2017-01-01,0.040999999999999995,OR
2018-01-01,0.040999999999999995,OR
2019-01-01,0.037000000000000005,OR
1976-01-01,0.08,PA
1977-01-01,0.077,PA
1978-01-01,0.069,PA
1979-01-01,0.069,PA
1980-01-01,0.08,PA
1981-01-01,0.084,PA
1982-01-01,0.11199999999999999,PA
1983-01-01,0.115,PA
1984-01-01,0.091,PA
1985-01-01,0.08,PA
1986-01-01,0.069,PA
1987-01-01,0.055999999999999994,PA
1988-01-01,0.05,PA
1989-01-01,0.047,PA
1990-01-01,0.055,PA
1991-01-01,0.07,PA
1992-01-01,0.076,PA
1993-01-01,0.07,PA
1994-01-01,0.063,PA
1995-01-01,0.059000000000000004,PA
1996-01-01,0.054000000000000006,PA
1997-01-01,0.051,PA
1998-01-01,0.046,PA
1999-01-01,0.044000000000000004,PA
2000-01-01,0.040999999999999995,PA
2001-01-01,0.048,PA
2002-01-01,0.055999999999999994,PA
2003-01-01,0.057,PA
2004-01-01,0.054000000000000006,PA
2005-01-01,0.05,PA
2006-01-01,0.046,PA
2007-01-01,0.044000000000000004,PA
2008-01-01,0.053,PA
2009-01-01,0.08,PA
2010-01-01,0.085,PA
2011-01-01,0.079,PA
2012-01-01,0.078,PA
2013-01-01,0.07400000000000001,PA
2014-01-01,0.059000000000000004,PA
2015-01-01,0.053,PA
2016-01-01,0.054000000000000006,PA
2017-01-01,0.049,PA
2018-01-01,0.042,PA
2019-01-01,0.044000000000000004,PA
1976-01-01,0.08199999999999999,RI
1977-01-01,0.08,RI
1978-01-01,0.066,RI
1979-01-01,0.064,RI
1980-01-01,0.07200000000000001,RI
1981-01-01,0.078,RI
1982-01-01,0.09699999999999999,RI
1983-01-01,0.083,RI
1984-01-01,0.055,RI
1985-01-01,0.046,RI
1986-01-01,0.040999999999999995,RI
1987-01-01,0.036000000000000004,RI
1988-01-01,0.031,RI
1989-01-01,0.040999999999999995,RI
1990-01-01,0.063,RI
1991-01-01,0.086,RI
1992-01-01,0.08900000000000001,RI
1993-01-01,0.077,RI
1994-01-01,0.069,RI
1995-01-01,0.063,RI
1996-01-01,0.054000000000000006,RI
1997-01-01,0.051,RI
1998-01-01,0.046,RI
1999-01-01,0.042,RI
2000-01-01,0.040999999999999995,RI
2001-01-01,0.046,RI
2002-01-01,0.05,RI
2003-01-01,0.053,RI
2004-01-01,0.052000000000000005,RI
2005-01-01,0.05,RI
2006-01-01,0.049,RI
2007-01-01,0.052000000000000005,RI
2008-01-01,0.078,RI
2009-01-01,0.11,RI
2010-01-01,0.11199999999999999,RI
2011-01-01,0.11,RI
2012-01-01,0.10400000000000001,RI
2013-01-01,0.09300000000000001,RI
2014-01-01,0.077,RI
2015-01-01,0.06,RI
2016-01-01,0.052000000000000005,RI
2017-01-01,0.044000000000000004,RI
2018-01-01,0.04,RI
2019-01-01,0.036000000000000004,RI
1976-01-01,0.07200000000000001,SC
1977-01-01,0.069,SC
1978-01-01,0.057,SC
1979-01-01,0.05,SC
1980-01-01,0.067,SC
1981-01-01,0.081,SC
1982-01-01,0.111,SC
1983-01-01,0.099,SC
1984-01-01,0.069,SC
1985-01-01,0.069,SC
1986-01-01,0.064,SC
1987-01-01,0.055,SC
1988-01-01,0.047,SC
1989-01-01,0.046,SC
1990-01-01,0.048,SC
1991-01-01,0.061,SC
1992-01-01,0.067,SC
1993-01-01,0.073,SC
1994-01-01,0.062,SC
1995-01-01,0.052000000000000005,SC
1996-01-01,0.057999999999999996,SC
1997-01-01,0.046,SC
1998-01-01,0.038,SC
1999-01-01,0.043,SC
2000-01-01,0.038,SC
2001-01-01,0.052000000000000005,SC
2002-01-01,0.057999999999999996,SC
2003-01-01,0.069,SC
2004-01-01,0.068,SC
2005-01-01,0.067,SC
2006-01-01,0.064,SC
2007-01-01,0.057,SC
2008-01-01,0.068,SC
2009-01-01,0.11199999999999999,SC
2010-01-01,0.11199999999999999,SC
2011-01-01,0.106,SC
2012-01-01,0.092,SC
2013-01-01,0.076,SC
2014-01-01,0.065,SC
2015-01-01,0.06,SC
2016-01-01,0.05,SC
2017-01-01,0.043,SC
2018-01-01,0.035,SC
2019-01-01,0.027999999999999997,SC
1976-01-01,0.033,SD
1977-01-01,0.033,SD
1978-01-01,0.031,SD
1979-01-01,0.034,SD
1980-01-01,0.048,SD
1981-01-01,0.05,SD
1982-01-01,0.055,SD
1983-01-01,0.052000000000000005,SD
1984-01-01,0.044000000000000004,SD
1985-01-01,0.048,SD
1986-01-01,0.046,SD
1987-01-01,0.042,SD
1988-01-01,0.040999999999999995,SD
1989-01-01,0.04,SD
1990-01-01,0.038,SD
1991-01-01,0.035,SD
1992-01-01,0.033,SD
1993-01-01,0.034,SD
1994-01-01,0.033,SD
1995-01-01,0.03,SD
1996-01-01,0.032,SD
1997-01-01,0.028999999999999998,SD
1998-01-01,0.027999999999999997,SD
1999-01-01,0.027000000000000003,SD
2000-01-01,0.025,SD
2001-01-01,0.031,SD
2002-01-01,0.032,SD
2003-01-01,0.035,SD
2004-01-01,0.037000000000000005,SD
2005-01-01,0.038,SD
2006-01-01,0.031,SD
2007-01-01,0.027999999999999997,SD
2008-01-01,0.031,SD
2009-01-01,0.049,SD
2010-01-01,0.05,SD
2011-01-01,0.047,SD
2012-01-01,0.043,SD
2013-01-01,0.038,SD
2014-01-01,0.034,SD
2015-01-01,0.031,SD
2016-01-01,0.03,SD
2017-01-01,0.032,SD
2018-01-01,0.031,SD
2019-01-01,0.033,SD
1976-01-01,0.061,TN
1977-01-01,0.062,TN
1978-01-01,0.057999999999999996,TN
1979-01-01,0.057999999999999996,TN
1980-01-01,0.07400000000000001,TN
1981-01-01,0.09,TN
1982-01-01,0.11699999999999999,TN
1983-01-01,0.115,TN
1984-01-01,0.085,TN
1985-01-01,0.079,TN
1986-01-01,0.079,TN
1987-01-01,0.066,TN
1988-01-01,0.057999999999999996,TN
1989-01-01,0.051,TN
1990-01-01,0.053,TN
1991-01-01,0.068,TN
1992-01-01,0.065,TN
1993-01-01,0.057999999999999996,TN
1994-01-01,0.048,TN
1995-01-01,0.052000000000000005,TN
1996-01-01,0.052000000000000005,TN
1997-01-01,0.053,TN
1998-01-01,0.043,TN
1999-01-01,0.04,TN
2000-01-01,0.039,TN
2001-01-01,0.046,TN
2002-01-01,0.052000000000000005,TN
2003-01-01,0.055999999999999994,TN
2004-01-01,0.053,TN
2005-01-01,0.055999999999999994,TN
2006-01-01,0.052000000000000005,TN
2007-01-01,0.047,TN
2008-01-01,0.066,TN
2009-01-01,0.105,TN
2010-01-01,0.09699999999999999,TN
2011-01-01,0.09,TN
2012-01-01,0.078,TN
2013-01-01,0.078,TN
2014-01-01,0.066,TN
2015-01-01,0.055999999999999994,TN
2016-01-01,0.047,TN
2017-01-01,0.038,TN
2018-01-01,0.035,TN
2019-01-01,0.034,TN
1976-01-01,0.057999999999999996,TX
1977-01-01,0.053,TX
1978-01-01,0.048,TX
1979-01-01,0.043,TX
1980-01-01,0.051,TX
1981-01-01,0.053,TX
1982-01-01,0.069,TX
1983-01-01,0.079,TX
1984-01-01,0.061,TX
1985-01-01,0.07,TX
1986-01-01,0.08800000000000001,TX
1987-01-01,0.084,TX
1988-01-01,0.073,TX
1989-01-01,0.067,TX
1990-01-01,0.063,TX
1991-01-01,0.069,TX
1992-01-01,0.076,TX
1993-01-01,0.07200000000000001,TX
1994-01-01,0.065,TX
1995-01-01,0.061,TX
1996-01-01,0.057,TX
1997-01-01,0.053,TX
1998-01-01,0.049,TX
1999-01-01,0.047,TX
2000-01-01,0.043,TX
2001-01-01,0.05,TX
2002-01-01,0.064,TX
2003-01-01,0.067,TX
2004-01-01,0.059000000000000004,TX
2005-01-01,0.054000000000000006,TX
2006-01-01,0.049,TX
2007-01-01,0.043,TX
2008-01-01,0.048,TX
2009-01-01,0.076,TX
2010-01-01,0.081,TX
2011-01-01,0.078,TX
2012-01-01,0.067,TX
2013-01-01,0.063,TX
2014-01-01,0.051,TX
2015-01-01,0.044000000000000004,TX
2016-01-01,0.046,TX
2017-01-01,0.043,TX
2018-01-01,0.038,TX
2019-01-01,0.035,TX
1976-01-01,0.055999999999999994,UT
1977-01-01,0.051,UT
1978-01-01,0.038,UT
1979-01-01,0.043,UT
1980-01-01,0.062,UT
1981-01-01,0.066,UT
1982-01-01,0.08199999999999999,UT
1983-01-01,0.087,UT
1984-01-01,0.065,UT
1985-01-01,0.06,UT
1986-01-01,0.061,UT
1987-01-01,0.062,UT
1988-01-01,0.05,UT
1989-01-01,0.045,UT
1990-01-01,0.044000000000000004,UT
1991-01-01,0.047,UT
1992-01-01,0.048,UT
1993-01-01,0.040999999999999995,UT
1994-01-01,0.038,UT
1995-01-01,0.035,UT
1996-01-01,0.034,UT
1997-01-01,0.032,UT
1998-01-01,0.036000000000000004,UT
1999-01-01,0.035,UT
2000-01-01,0.033,UT
2001-01-01,0.044000000000000004,UT
2002-01-01,0.057999999999999996,UT
2003-01-01,0.055999999999999994,UT
2004-01-01,0.05,UT
2005-01-01,0.040999999999999995,UT
2006-01-01,0.03,UT
2007-01-01,0.026000000000000002,UT
2008-01-01,0.036000000000000004,UT
2009-01-01,0.073,UT
2010-01-01,0.078,UT
2011-01-01,0.067,UT
2012-01-01,0.054000000000000006,UT
2013-01-01,0.046,UT
2014-01-01,0.038,UT
2015-01-01,0.036000000000000004,UT
2016-01-01,0.034,UT
2017-01-01,0.033,UT
2018-01-01,0.03,UT
2019-01-01,0.026000000000000002,UT
1976-01-01,0.083,VT
1977-01-01,0.07,VT
1978-01-01,0.055999999999999994,VT
1979-01-01,0.051,VT
1980-01-01,0.062,VT
1981-01-01,0.057999999999999996,VT
1982-01-01,0.07,VT
1983-01-01,0.064,VT
1984-01-01,0.051,VT
1985-01-01,0.048,VT
1986-01-01,0.043,VT
1987-01-01,0.036000000000000004,VT
1988-01-01,0.03,VT
1989-01-01,0.035,VT
1990-01-01,0.05,VT
1991-01-01,0.066,VT
1992-01-01,0.061,VT
1993-01-01,0.052000000000000005,VT
1994-01-01,0.046,VT
1995-01-01,0.043,VT
1996-01-01,0.043,VT
1997-01-01,0.039,VT
1998-01-01,0.034,VT
1999-01-01,0.03,VT
2000-01-01,0.027999999999999997,VT
2001-01-01,0.033,VT
2002-01-01,0.04,VT
2003-01-01,0.043,VT
2004-01-01,0.037000000000000005,VT
2005-01-01,0.035,VT
2006-01-01,0.037000000000000005,VT
2007-01-01,0.04,VT
2008-01-01,0.047,VT
2009-01-01,0.066,VT
2010-01-01,0.061,VT
2011-01-01,0.055,VT
2012-01-01,0.05,VT
2013-01-01,0.044000000000000004,VT
2014-01-01,0.039,VT
2015-01-01,0.036000000000000004,VT
2016-01-01,0.032,VT
2017-01-01,0.028999999999999998,VT
2018-01-01,0.025,VT
2019-01-01,0.024,VT
1976-01-01,0.059000000000000004,VA
1977-01-01,0.055,VA
1978-01-01,0.053,VA
1979-01-01,0.047,VA
1980-01-01,0.052000000000000005,VA
1981-01-01,0.06,VA
1982-01-01,0.07400000000000001,VA
1983-01-01,0.064,VA
1984-01-01,0.051,VA
1985-01-01,0.055,VA
1986-01-01,0.05,VA
1987-01-01,0.043,VA
1988-01-01,0.039,VA
1989-01-01,0.039,VA
1990-01-01,0.045,VA
1991-01-01,0.059000000000000004,VA
1992-01-01,0.063,VA
1993-01-01,0.052000000000000005,VA
1994-01-01,0.049,VA
1995-01-01,0.045,VA
1996-01-01,0.044000000000000004,VA
1997-01-01,0.038,VA
1998-01-01,0.028999999999999998,VA
1999-01-01,0.027000000000000003,VA
2000-01-01,0.023,VA
2001-01-01,0.032,VA
2002-01-01,0.042,VA
2003-01-01,0.040999999999999995,VA
2004-01-01,0.038,VA
2005-01-01,0.036000000000000004,VA
2006-01-01,0.031,VA
2007-01-01,0.03,VA
2008-01-01,0.039,VA
2009-01-01,0.067,VA
2010-01-01,0.071,VA
2011-01-01,0.066,VA
2012-01-01,0.061,VA
2013-01-01,0.057,VA
2014-01-01,0.052000000000000005,VA
2015-01-01,0.045,VA
2016-01-01,0.040999999999999995,VA
2017-01-01,0.037000000000000005,VA
2018-01-01,0.03,VA
2019-01-01,0.027999999999999997,VA
1976-01-01,0.08900000000000001,WA
1977-01-01,0.085,WA
1978-01-01,0.069,WA
1979-01-01,0.066,WA
1980-01-01,0.081,WA
1981-01-01,0.096,WA
1982-01-01,0.11900000000000001,WA
1983-01-01,0.111,WA
1984-01-01,0.09300000000000001,WA
1985-01-01,0.084,WA
1986-01-01,0.081,WA
1987-01-01,0.073,WA
1988-01-01,0.063,WA
1989-01-01,0.059000000000000004,WA
1990-01-01,0.052000000000000005,WA
1991-01-01,0.063,WA
1992-01-01,0.073,WA
1993-01-01,0.073,WA
1994-01-01,0.066,WA
1995-01-01,0.064,WA
1996-01-01,0.061,WA
1997-01-01,0.049,WA
1998-01-01,0.048,WA
1999-01-01,0.049,WA
2000-01-01,0.052000000000000005,WA
2001-01-01,0.063,WA
2002-01-01,0.07400000000000001,WA
2003-01-01,0.07400000000000001,WA
2004-01-01,0.063,WA
2005-01-01,0.055999999999999994,WA
2006-01-01,0.05,WA
2007-01-01,0.047,WA
2008-01-01,0.054000000000000006,WA
2009-01-01,0.092,WA
2010-01-01,0.1,WA
2011-01-01,0.09300000000000001,WA
2012-01-01,0.081,WA
2013-01-01,0.07,WA
2014-01-01,0.061,WA
2015-01-01,0.055999999999999994,WA
2016-01-01,0.053,WA
2017-01-01,0.047,WA
2018-01-01,0.045,WA
2019-01-01,0.043,WA
1976-01-01,0.073,WV
1977-01-01,0.069,WV
1978-01-01,0.062,WV
1979-01-01,0.069,WV
1980-01-01,0.095,WV
1981-01-01,0.106,WV
1982-01-01,0.14,WV
1983-01-01,0.17800000000000002,WV
1984-01-01,0.14800000000000002,WV
1985-01-01,0.131,WV
1986-01-01,0.11800000000000001,WV
1987-01-01,0.10800000000000001,WV
1988-01-01,0.098,WV
1989-01-01,0.086,WV
1990-01-01,0.085,WV
1991-01-01,0.106,WV
1992-01-01,0.113,WV
1993-01-01,0.106,WV
1994-01-01,0.08800000000000001,WV
1995-01-01,0.079,WV
1996-01-01,0.075,WV
1997-01-01,0.069,WV
1998-01-01,0.066,WV
1999-01-01,0.065,WV
2000-01-01,0.055,WV
2001-01-01,0.05,WV
2002-01-01,0.059000000000000004,WV
2003-01-01,0.06,WV
2004-01-01,0.053,WV
2005-01-01,0.051,WV
2006-01-01,0.049,WV
2007-01-01,0.046,WV
2008-01-01,0.043,WV
2009-01-01,0.077,WV
2010-01-01,0.087,WV
2011-01-01,0.081,WV
2012-01-01,0.075,WV
2013-01-01,0.068,WV
2014-01-01,0.066,WV
2015-01-01,0.067,WV
2016-01-01,0.061,WV
2017-01-01,0.052000000000000005,WV
2018-01-01,0.052000000000000005,WV
2019-01-01,0.049,WV
1976-01-01,0.055,WI
1977-01-01,0.051,WI
1978-01-01,0.05,WI
1979-01-01,0.046,WI
1980-01-01,0.07200000000000001,WI
1981-01-01,0.08,WI
1982-01-01,0.105,WI
1983-01-01,0.102,WI
1984-01-01,0.07400000000000001,WI
1985-01-01,0.07200000000000001,WI
1986-01-01,0.07,WI
1987-01-01,0.059000000000000004,WI
1988-01-01,0.044000000000000004,WI
1989-01-01,0.043,WI
1990-01-01,0.044000000000000004,WI
1991-01-01,0.055,WI
1992-01-01,0.051,WI
1993-01-01,0.048,WI
1994-01-01,0.045,WI
1995-01-01,0.038,WI
1996-01-01,0.036000000000000004,WI
1997-01-01,0.036000000000000004,WI
1998-01-01,0.034,WI
1999-01-01,0.031,WI
2000-01-01,0.035,WI
2001-01-01,0.045,WI
2002-01-01,0.054000000000000006,WI
2003-01-01,0.057,WI
2004-01-01,0.05,WI
2005-01-01,0.047,WI
2006-01-01,0.047,WI
2007-01-01,0.049,WI
2008-01-01,0.049,WI
2009-01-01,0.086,WI
2010-01-01,0.087,WI
2011-01-01,0.078,WI
2012-01-01,0.07,WI
2013-01-01,0.067,WI
2014-01-01,0.054000000000000006,WI
2015-01-01,0.045,WI
2016-01-01,0.04,WI
2017-01-01,0.033,WI
2018-01-01,0.03,WI
2019-01-01,0.033,WI
1976-01-01,0.04,WY
1977-01-01,0.034,WY
1978-01-01,0.03,WY
1979-01-01,0.027000000000000003,WY
1980-01-01,0.039,WY
1981-01-01,0.040999999999999995,WY
1982-01-01,0.062,WY
1983-01-01,0.08199999999999999,WY
1984-01-01,0.063,WY
1985-01-01,0.069,WY
1986-01-01,0.08900000000000001,WY
1987-01-01,0.08,WY
1988-01-01,0.065,WY
1989-01-01,0.061,WY
1990-01-01,0.053,WY
1991-01-01,0.052000000000000005,WY
1992-01-01,0.055999999999999994,WY
1993-01-01,0.053,WY
1994-01-01,0.05,WY
1995-01-01,0.048,WY
1996-01-01,0.049,WY
1997-01-01,0.048,WY
1998-01-01,0.047,WY
1999-01-01,0.046,WY
2000-01-01,0.039,WY
2001-01-01,0.038,WY
2002-01-01,0.04,WY
2003-01-01,0.043,WY
2004-01-01,0.038,WY
2005-01-01,0.036000000000000004,WY
2006-01-01,0.032,WY
2007-01-01,0.027999999999999997,WY
2008-01-01,0.031,WY
2009-01-01,0.063,WY
2010-01-01,0.064,WY
2011-01-01,0.057999999999999996,WY
2012-01-01,0.053,WY
2013-01-01,0.047,WY
2014-01-01,0.040999999999999995,WY
2015-01-01,0.043,WY
2016-01-01,0.053,WY
2017-01-01,0.042,WY
2018-01-01,0.039,WY
2019-01-01,0.036000000000000004,WY
